1, 'District1SubDistrict1Facility1', 10903, 'coor'
2, 'District1SubDistrict1Facility2', 10586, 'coor'
3, 'District1SubDistrict1Facility3', 9158, 'coor'
4, 'District1SubDistrict1Facility4', 10667, 'coor'
5, 'District1SubDistrict1Facility5', 11141, 'coor'
6, 'District1SubDistrict1Facility6', 9802, 'coor'
7, 'District1SubDistrict1Facility7', 11239, 'coor'
8, 'District1SubDistrict1Facility8', 8700, 'coor'
9, 'District1SubDistrict1Facility9', 8205, 'coor'
10, 'District1SubDistrict2Facility1', 8489, 'coor'
11, 'District1SubDistrict2Facility2', 10475, 'coor'
12, 'District1SubDistrict2Facility3', 11736, 'coor'
13, 'District1SubDistrict2Facility4', 9038, 'coor'
14, 'District1SubDistrict2Facility5', 9689, 'coor'
15, 'District1SubDistrict2Facility6', 11734, 'coor'
17, 'District1SubDistrict3Facility1', 10970, 'coor'
16, 'District1SubDistrict2Facility7', 10327, 'coor'
19, 'District1SubDistrict3Facility3', 9332, 'coor'
18, 'District1SubDistrict3Facility2', 9529, 'coor'
21, 'District1SubDistrict3Facility5', 9517, 'coor'
20, 'District1SubDistrict3Facility4', 9407, 'coor'
23, 'District2SubDistrict1Facility2', 9289, 'coor'
22, 'District2SubDistrict1Facility1', 11946, 'coor'
25, 'District2SubDistrict1Facility4', 8683, 'coor'
24, 'District2SubDistrict1Facility3', 10647, 'coor'
27, 'District2SubDistrict1Facility6', 10875, 'coor'
26, 'District2SubDistrict1Facility5', 10547, 'coor'
29, 'District2SubDistrict1Facility8', 8887, 'coor'
28, 'District2SubDistrict1Facility7', 10885, 'coor'
31, 'District2SubDistrict2Facility2', 11988, 'coor'
30, 'District2SubDistrict2Facility1', 9815, 'coor'
34, 'District2SubDistrict2Facility5', 8058, 'coor'
35, 'District2SubDistrict2Facility6', 9335, 'coor'
32, 'District2SubDistrict2Facility3', 9326, 'coor'
33, 'District2SubDistrict2Facility4', 9269, 'coor'
38, 'District2SubDistrict3Facility1', 10222, 'coor'
39, 'District2SubDistrict3Facility2', 11647, 'coor'
36, 'District2SubDistrict2Facility7', 9523, 'coor'
37, 'District2SubDistrict2Facility8', 10001, 'coor'
42, 'District2SubDistrict3Facility5', 11921, 'coor'
43, 'District2SubDistrict3Facility6', 10927, 'coor'
40, 'District2SubDistrict3Facility3', 10126, 'coor'
41, 'District2SubDistrict3Facility4', 9983, 'coor'
46, 'District2SubDistrict3Facility9', 11492, 'coor'
47, 'District2SubDistrict3Facility10', 8920, 'coor'
44, 'District2SubDistrict3Facility7', 8677, 'coor'
45, 'District2SubDistrict3Facility8', 10210, 'coor'
51, 'District2SubDistrict4Facility4', 11967, 'coor'
50, 'District2SubDistrict4Facility3', 9191, 'coor'
49, 'District2SubDistrict4Facility2', 9635, 'coor'
48, 'District2SubDistrict4Facility1', 9635, 'coor'
55, 'District2SubDistrict4Facility8', 11330, 'coor'
54, 'District2SubDistrict4Facility7', 9160, 'coor'
53, 'District2SubDistrict4Facility6', 9768, 'coor'
52, 'District2SubDistrict4Facility5', 9043, 'coor'
59, 'District3SubDistrict1Facility2', 8063, 'coor'
58, 'District3SubDistrict1Facility1', 9869, 'coor'
57, 'District2SubDistrict4Facility10', 8065, 'coor'
56, 'District2SubDistrict4Facility9', 11946, 'coor'
63, 'District3SubDistrict2Facility2', 9531, 'coor'
62, 'District3SubDistrict2Facility1', 8842, 'coor'
61, 'District3SubDistrict1Facility4', 10820, 'coor'
60, 'District3SubDistrict1Facility3', 10960, 'coor'
68, 'District3SubDistrict3Facility1', 8657, 'coor'
69, 'District3SubDistrict3Facility2', 9601, 'coor'
70, 'District3SubDistrict3Facility3', 10858, 'coor'
71, 'District3SubDistrict3Facility4', 11404, 'coor'
64, 'District3SubDistrict2Facility3', 11147, 'coor'
65, 'District3SubDistrict2Facility4', 8847, 'coor'
66, 'District3SubDistrict2Facility5', 8496, 'coor'
67, 'District3SubDistrict2Facility6', 10337, 'coor'
76, 'District3SubDistrict4Facility5', 9661, 'coor'
77, 'District3SubDistrict4Facility6', 9281, 'coor'
78, 'District3SubDistrict4Facility7', 8257, 'coor'
79, 'District3SubDistrict4Facility8', 9337, 'coor'
72, 'District3SubDistrict4Facility1', 10492, 'coor'
73, 'District3SubDistrict4Facility2', 10937, 'coor'
74, 'District3SubDistrict4Facility3', 9689, 'coor'
75, 'District3SubDistrict4Facility4', 11097, 'coor'
85, 'District4SubDistrict2Facility1', 9459, 'coor'
84, 'District4SubDistrict1Facility5', 10850, 'coor'
87, 'District4SubDistrict2Facility3', 8597, 'coor'
86, 'District4SubDistrict2Facility2', 8333, 'coor'
81, 'District4SubDistrict1Facility2', 10659, 'coor'
80, 'District4SubDistrict1Facility1', 9993, 'coor'
83, 'District4SubDistrict1Facility4', 10931, 'coor'
82, 'District4SubDistrict1Facility3', 11069, 'coor'
93, 'District4SubDistrict3Facility4', 9840, 'coor'
92, 'District4SubDistrict3Facility3', 8083, 'coor'
95, 'District4SubDistrict3Facility6', 8831, 'coor'
94, 'District4SubDistrict3Facility5', 10892, 'coor'
89, 'District4SubDistrict2Facility5', 10349, 'coor'
88, 'District4SubDistrict2Facility4', 10651, 'coor'
91, 'District4SubDistrict3Facility2', 10102, 'coor'
90, 'District4SubDistrict3Facility1', 10227, 'coor'
102, 'District4SubDistrict4Facility5', 9143, 'coor'
103, 'District4SubDistrict4Facility6', 11856, 'coor'
100, 'District4SubDistrict4Facility3', 10349, 'coor'
101, 'District4SubDistrict4Facility4', 11300, 'coor'
98, 'District4SubDistrict4Facility1', 9231, 'coor'
99, 'District4SubDistrict4Facility2', 11339, 'coor'
96, 'District4SubDistrict3Facility7', 9302, 'coor'
97, 'District4SubDistrict3Facility8', 11924, 'coor'
110, 'District5SubDistrict1Facility1', 8420, 'coor'
111, 'District5SubDistrict1Facility2', 10246, 'coor'
108, 'District5SubDistrict2Facility5', 10818, 'coor'
109, 'District5SubDistrict2Facility6', 8852, 'coor'
106, 'District5SubDistrict2Facility3', 11102, 'coor'
107, 'District5SubDistrict2Facility4', 11666, 'coor'
104, 'District5SubDistrict2Facility1', 9027, 'coor'
105, 'District5SubDistrict2Facility2', 8727, 'coor'
119, 'District6SubDistrict2Facility4', 8475, 'coor'
118, 'District6SubDistrict2Facility3', 8464, 'coor'
117, 'District6SubDistrict2Facility2', 8223, 'coor'
116, 'District6SubDistrict2Facility1', 9443, 'coor'
115, 'District5SubDistrict1Facility6', 9556, 'coor'
114, 'District5SubDistrict1Facility5', 9389, 'coor'
113, 'District5SubDistrict1Facility4', 8399, 'coor'
112, 'District5SubDistrict1Facility3', 10276, 'coor'
127, 'District6SubDistrict1Facility2', 9577, 'coor'
126, 'District6SubDistrict1Facility1', 8599, 'coor'
125, 'District6SubDistrict2Facility10', 11129, 'coor'
124, 'District6SubDistrict2Facility9', 9812, 'coor'
123, 'District6SubDistrict2Facility8', 9731, 'coor'
122, 'District6SubDistrict2Facility7', 9851, 'coor'
121, 'District6SubDistrict2Facility6', 10565, 'coor'
120, 'District6SubDistrict2Facility5', 11820, 'coor'
137, 'District7SubDistrict2Facility4', 10899, 'coor'
136, 'District7SubDistrict2Facility3', 8500, 'coor'
139, 'District7SubDistrict2Facility6', 11797, 'coor'
138, 'District7SubDistrict2Facility5', 8107, 'coor'
141, 'District7SubDistrict1Facility1', 9095, 'coor'
140, 'District7SubDistrict2Facility7', 11821, 'coor'
143, 'District7SubDistrict1Facility3', 8214, 'coor'
142, 'District7SubDistrict1Facility2', 8039, 'coor'
129, 'District6SubDistrict1Facility4', 9563, 'coor'
128, 'District6SubDistrict1Facility3', 10000, 'coor'
131, 'District6SubDistrict1Facility6', 10328, 'coor'
130, 'District6SubDistrict1Facility5', 9593, 'coor'
133, 'District6SubDistrict1Facility8', 8102, 'coor'
132, 'District6SubDistrict1Facility7', 11284, 'coor'
135, 'District7SubDistrict2Facility2', 8410, 'coor'
134, 'District7SubDistrict2Facility1', 9480, 'coor'
152, 'District7SubDistrict4Facility6', 8273, 'coor'
153, 'District7SubDistrict4Facility7', 9722, 'coor'
154, 'District7SubDistrict4Facility8', 8094, 'coor'
155, 'District7SubDistrict4Facility9', 10260, 'coor'
156, 'District7SubDistrict4Facility10', 11854, 'coor'
157, 'District7SubDistrict3Facility1', 9884, 'coor'
158, 'District7SubDistrict3Facility2', 9360, 'coor'
159, 'District7SubDistrict3Facility3', 11253, 'coor'
144, 'District7SubDistrict1Facility4', 8956, 'coor'
145, 'District7SubDistrict1Facility5', 9950, 'coor'
146, 'District7SubDistrict1Facility6', 8352, 'coor'
147, 'District7SubDistrict4Facility1', 11607, 'coor'
148, 'District7SubDistrict4Facility2', 9774, 'coor'
149, 'District7SubDistrict4Facility3', 10733, 'coor'
150, 'District7SubDistrict4Facility4', 11268, 'coor'
151, 'District7SubDistrict4Facility5', 9590, 'coor'
171, 'District8SubDistrict2Facility6', 10784, 'coor'
170, 'District8SubDistrict2Facility5', 11361, 'coor'
169, 'District8SubDistrict2Facility4', 11215, 'coor'
168, 'District8SubDistrict2Facility3', 10265, 'coor'
175, 'District8SubDistrict2Facility10', 11204, 'coor'
174, 'District8SubDistrict2Facility9', 10021, 'coor'
173, 'District8SubDistrict2Facility8', 9431, 'coor'
172, 'District8SubDistrict2Facility7', 9714, 'coor'
163, 'District7SubDistrict3Facility7', 11146, 'coor'
162, 'District7SubDistrict3Facility6', 10864, 'coor'
161, 'District7SubDistrict3Facility5', 11396, 'coor'
160, 'District7SubDistrict3Facility4', 9192, 'coor'
167, 'District8SubDistrict2Facility2', 9201, 'coor'
166, 'District8SubDistrict2Facility1', 10833, 'coor'
165, 'District7SubDistrict3Facility9', 11022, 'coor'
164, 'District7SubDistrict3Facility8', 10503, 'coor'
186, 'District8SubDistrict4Facility4', 10804, 'coor'
187, 'District8SubDistrict4Facility5', 10891, 'coor'
184, 'District8SubDistrict4Facility2', 9244, 'coor'
185, 'District8SubDistrict4Facility3', 11090, 'coor'
190, 'District8SubDistrict4Facility8', 8920, 'coor'
191, 'District8SubDistrict3Facility1', 10771, 'coor'
188, 'District8SubDistrict4Facility6', 11594, 'coor'
189, 'District8SubDistrict4Facility7', 9733, 'coor'
178, 'District8SubDistrict1Facility3', 10990, 'coor'
179, 'District8SubDistrict1Facility4', 8446, 'coor'
176, 'District8SubDistrict1Facility1', 11873, 'coor'
177, 'District8SubDistrict1Facility2', 11695, 'coor'
182, 'District8SubDistrict1Facility7', 9528, 'coor'
183, 'District8SubDistrict4Facility1', 8048, 'coor'
180, 'District8SubDistrict1Facility5', 10981, 'coor'
181, 'District8SubDistrict1Facility6', 11510, 'coor'
205, 'District9SubDistrict1Facility1', 9714, 'coor'
204, 'District9SubDistrict2Facility10', 8638, 'coor'
207, 'District9SubDistrict1Facility3', 8125, 'coor'
206, 'District9SubDistrict1Facility2', 10143, 'coor'
201, 'District9SubDistrict2Facility7', 10883, 'coor'
200, 'District9SubDistrict2Facility6', 9193, 'coor'
203, 'District9SubDistrict2Facility9', 9610, 'coor'
202, 'District9SubDistrict2Facility8', 11222, 'coor'
197, 'District9SubDistrict2Facility3', 11407, 'coor'
196, 'District9SubDistrict2Facility2', 11657, 'coor'
199, 'District9SubDistrict2Facility5', 9387, 'coor'
198, 'District9SubDistrict2Facility4', 8302, 'coor'
193, 'District8SubDistrict3Facility3', 10449, 'coor'
192, 'District8SubDistrict3Facility2', 10713, 'coor'
195, 'District9SubDistrict2Facility1', 10369, 'coor'
194, 'District8SubDistrict3Facility4', 9201, 'coor'
220, 'District10SubDistrict2Facility9', 9395, 'coor'
221, 'District10SubDistrict2Facility10', 9036, 'coor'
222, 'District10SubDistrict1Facility1', 10318, 'coor'
223, 'District10SubDistrict1Facility2', 8476, 'coor'
216, 'District10SubDistrict2Facility5', 8314, 'coor'
217, 'District10SubDistrict2Facility6', 10866, 'coor'
218, 'District10SubDistrict2Facility7', 10579, 'coor'
219, 'District10SubDistrict2Facility8', 10570, 'coor'
212, 'District10SubDistrict2Facility1', 9594, 'coor'
213, 'District10SubDistrict2Facility2', 11245, 'coor'
214, 'District10SubDistrict2Facility3', 8049, 'coor'
215, 'District10SubDistrict2Facility4', 11196, 'coor'
208, 'District9SubDistrict1Facility4', 10991, 'coor'
209, 'District9SubDistrict1Facility5', 10858, 'coor'
210, 'District9SubDistrict1Facility6', 11807, 'coor'
211, 'District9SubDistrict1Facility7', 8381, 'coor'
239, 'District11SubDistrict4Facility4', 9073, 'coor'
238, 'District11SubDistrict4Facility3', 10922, 'coor'
237, 'District11SubDistrict4Facility2', 10396, 'coor'
236, 'District11SubDistrict4Facility1', 10024, 'coor'
235, 'District11SubDistrict3Facility6', 11886, 'coor'
234, 'District11SubDistrict3Facility5', 8784, 'coor'
233, 'District11SubDistrict3Facility4', 10479, 'coor'
232, 'District11SubDistrict3Facility3', 9618, 'coor'
231, 'District11SubDistrict3Facility2', 11369, 'coor'
230, 'District11SubDistrict3Facility1', 10015, 'coor'
229, 'District10SubDistrict1Facility8', 9766, 'coor'
228, 'District10SubDistrict1Facility7', 10541, 'coor'
227, 'District10SubDistrict1Facility6', 11343, 'coor'
226, 'District10SubDistrict1Facility5', 11159, 'coor'
225, 'District10SubDistrict1Facility4', 9435, 'coor'
224, 'District10SubDistrict1Facility3', 10808, 'coor'
254, 'District13SubDistrict1Facility1', 11422, 'coor'
255, 'District13SubDistrict1Facility2', 9480, 'coor'
252, 'District11SubDistrict2Facility6', 9847, 'coor'
253, 'District11SubDistrict2Facility7', 9206, 'coor'
250, 'District11SubDistrict2Facility4', 8639, 'coor'
251, 'District11SubDistrict2Facility5', 10691, 'coor'
248, 'District11SubDistrict2Facility2', 8181, 'coor'
249, 'District11SubDistrict2Facility3', 11410, 'coor'
246, 'District11SubDistrict1Facility7', 9559, 'coor'
247, 'District11SubDistrict2Facility1', 9384, 'coor'
244, 'District11SubDistrict1Facility5', 10062, 'coor'
245, 'District11SubDistrict1Facility6', 9108, 'coor'
242, 'District11SubDistrict1Facility3', 11261, 'coor'
243, 'District11SubDistrict1Facility4', 8331, 'coor'
240, 'District11SubDistrict1Facility1', 8036, 'coor'
241, 'District11SubDistrict1Facility2', 9699, 'coor'
275, 'District12SubDistrict2Facility6', 8750, 'coor'
274, 'District12SubDistrict2Facility5', 9908, 'coor'
273, 'District12SubDistrict2Facility4', 9924, 'coor'
272, 'District12SubDistrict2Facility3', 11781, 'coor'
279, 'District14SubDistrict2Facility2', 8360, 'coor'
278, 'District14SubDistrict2Facility1', 9953, 'coor'
277, 'District12SubDistrict2Facility8', 11208, 'coor'
276, 'District12SubDistrict2Facility7', 9263, 'coor'
283, 'District14SubDistrict3Facility1', 10694, 'coor'
282, 'District14SubDistrict2Facility5', 11603, 'coor'
281, 'District14SubDistrict2Facility4', 10984, 'coor'
280, 'District14SubDistrict2Facility3', 9398, 'coor'
287, 'District14SubDistrict3Facility5', 10985, 'coor'
286, 'District14SubDistrict3Facility4', 8842, 'coor'
285, 'District14SubDistrict3Facility3', 9021, 'coor'
284, 'District14SubDistrict3Facility2', 9627, 'coor'
258, 'District13SubDistrict1Facility5', 11376, 'coor'
259, 'District13SubDistrict1Facility6', 9567, 'coor'
256, 'District13SubDistrict1Facility3', 10615, 'coor'
257, 'District13SubDistrict1Facility4', 8006, 'coor'
262, 'District13SubDistrict2Facility2', 10777, 'coor'
263, 'District13SubDistrict2Facility3', 8626, 'coor'
260, 'District13SubDistrict1Facility7', 10518, 'coor'
261, 'District13SubDistrict2Facility1', 9480, 'coor'
266, 'District12SubDistrict1Facility1', 8143, 'coor'
267, 'District12SubDistrict1Facility2', 10049, 'coor'
264, 'District13SubDistrict2Facility4', 9305, 'coor'
265, 'District13SubDistrict2Facility5', 11231, 'coor'
270, 'District12SubDistrict2Facility1', 11841, 'coor'
271, 'District12SubDistrict2Facility2', 9178, 'coor'
268, 'District12SubDistrict1Facility3', 9620, 'coor'
269, 'District12SubDistrict1Facility4', 11021, 'coor'
305, 'District15SubDistrict2Facility3', 9395, 'coor'
304, 'District15SubDistrict2Facility2', 8689, 'coor'
307, 'District16SubDistrict1Facility1', 8059, 'coor'
306, 'District15SubDistrict2Facility4', 11691, 'coor'
309, 'District16SubDistrict1Facility3', 11524, 'coor'
308, 'District16SubDistrict1Facility2', 8173, 'coor'
311, 'District16SubDistrict1Facility5', 10333, 'coor'
310, 'District16SubDistrict1Facility4', 10918, 'coor'
313, 'District14SubDistrict4Facility1', 11030, 'coor'
312, 'District16SubDistrict1Facility6', 10167, 'coor'
315, 'District14SubDistrict4Facility3', 11279, 'coor'
314, 'District14SubDistrict4Facility2', 11579, 'coor'
317, 'District14SubDistrict4Facility5', 11931, 'coor'
316, 'District14SubDistrict4Facility4', 11827, 'coor'
319, 'District14SubDistrict4Facility7', 11113, 'coor'
318, 'District14SubDistrict4Facility6', 11987, 'coor'
288, 'District13SubDistrict3Facility1', 11017, 'coor'
289, 'District13SubDistrict3Facility2', 10416, 'coor'
290, 'District13SubDistrict3Facility3', 11208, 'coor'
291, 'District13SubDistrict3Facility4', 10039, 'coor'
292, 'District13SubDistrict3Facility5', 9122, 'coor'
293, 'District13SubDistrict3Facility6', 8120, 'coor'
294, 'District14SubDistrict1Facility1', 9566, 'coor'
295, 'District14SubDistrict1Facility2', 8664, 'coor'
296, 'District14SubDistrict1Facility3', 8518, 'coor'
297, 'District14SubDistrict1Facility4', 11357, 'coor'
298, 'District14SubDistrict1Facility5', 11434, 'coor'
299, 'District14SubDistrict1Facility6', 9725, 'coor'
300, 'District14SubDistrict1Facility7', 11175, 'coor'
301, 'District14SubDistrict1Facility8', 9563, 'coor'
302, 'District14SubDistrict1Facility9', 11225, 'coor'
303, 'District15SubDistrict2Facility1', 11394, 'coor'
343, 'District17SubDistrict2Facility7', 8672, 'coor'
342, 'District17SubDistrict2Facility6', 10954, 'coor'
341, 'District17SubDistrict2Facility5', 11845, 'coor'
340, 'District17SubDistrict2Facility4', 9136, 'coor'
339, 'District17SubDistrict2Facility3', 11287, 'coor'
338, 'District17SubDistrict2Facility2', 11774, 'coor'
337, 'District17SubDistrict2Facility1', 11042, 'coor'
336, 'District18SubDistrict1Facility6', 8008, 'coor'
351, 'District16SubDistrict2Facility3', 10820, 'coor'
350, 'District16SubDistrict2Facility2', 11956, 'coor'
349, 'District16SubDistrict2Facility1', 10322, 'coor'
348, 'District17SubDistrict1Facility5', 8395, 'coor'
347, 'District17SubDistrict1Facility4', 11644, 'coor'
346, 'District17SubDistrict1Facility3', 9560, 'coor'
345, 'District17SubDistrict1Facility2', 9590, 'coor'
344, 'District17SubDistrict1Facility1', 11770, 'coor'
326, 'District15SubDistrict1Facility4', 11730, 'coor'
327, 'District15SubDistrict1Facility5', 11910, 'coor'
324, 'District15SubDistrict1Facility2', 11331, 'coor'
325, 'District15SubDistrict1Facility3', 11980, 'coor'
322, 'District14SubDistrict4Facility10', 11567, 'coor'
323, 'District15SubDistrict1Facility1', 9771, 'coor'
320, 'District14SubDistrict4Facility8', 8509, 'coor'
321, 'District14SubDistrict4Facility9', 10043, 'coor'
334, 'District18SubDistrict1Facility4', 9030, 'coor'
335, 'District18SubDistrict1Facility5', 9838, 'coor'
332, 'District18SubDistrict1Facility2', 11227, 'coor'
333, 'District18SubDistrict1Facility3', 9615, 'coor'
330, 'District15SubDistrict1Facility8', 11789, 'coor'
331, 'District18SubDistrict1Facility1', 9916, 'coor'
328, 'District15SubDistrict1Facility6', 9735, 'coor'
329, 'District15SubDistrict1Facility7', 9561, 'coor'
373, 'District19SubDistrict2Facility9', 8985, 'coor'
372, 'District19SubDistrict2Facility8', 11219, 'coor'
375, 'District19SubDistrict1Facility1', 8013, 'coor'
374, 'District19SubDistrict2Facility10', 11354, 'coor'
369, 'District19SubDistrict2Facility5', 9498, 'coor'
368, 'District19SubDistrict2Facility4', 10106, 'coor'
371, 'District19SubDistrict2Facility7', 8396, 'coor'
370, 'District19SubDistrict2Facility6', 8225, 'coor'
381, 'District19SubDistrict1Facility7', 10832, 'coor'
380, 'District19SubDistrict1Facility6', 10979, 'coor'
383, 'District19SubDistrict1Facility9', 11496, 'coor'
382, 'District19SubDistrict1Facility8', 9386, 'coor'
377, 'District19SubDistrict1Facility3', 10005, 'coor'
376, 'District19SubDistrict1Facility2', 9938, 'coor'
379, 'District19SubDistrict1Facility5', 10171, 'coor'
378, 'District19SubDistrict1Facility4', 9128, 'coor'
356, 'District20SubDistrict1Facility1', 8887, 'coor'
357, 'District20SubDistrict1Facility2', 8002, 'coor'
358, 'District20SubDistrict1Facility3', 11926, 'coor'
359, 'District20SubDistrict1Facility4', 10809, 'coor'
352, 'District16SubDistrict2Facility4', 8214, 'coor'
353, 'District16SubDistrict2Facility5', 9735, 'coor'
354, 'District16SubDistrict2Facility6', 8640, 'coor'
355, 'District16SubDistrict2Facility7', 8158, 'coor'
364, 'District20SubDistrict1Facility9', 10110, 'coor'
365, 'District19SubDistrict2Facility1', 9331, 'coor'
366, 'District19SubDistrict2Facility2', 10661, 'coor'
367, 'District19SubDistrict2Facility3', 9182, 'coor'
360, 'District20SubDistrict1Facility5', 11766, 'coor'
361, 'District20SubDistrict1Facility6', 10782, 'coor'
362, 'District20SubDistrict1Facility7', 9132, 'coor'
363, 'District20SubDistrict1Facility8', 9514, 'coor'
410, 'District20SubDistrict2Facility1', 9746, 'coor'
411, 'District20SubDistrict2Facility2', 9038, 'coor'
408, 'District20SubDistrict3Facility4', 8527, 'coor'
409, 'District20SubDistrict3Facility5', 8066, 'coor'
414, 'District22SubDistrict2Facility1', 8859, 'coor'
415, 'District22SubDistrict2Facility2', 8026, 'coor'
412, 'District20SubDistrict2Facility3', 11560, 'coor'
413, 'District20SubDistrict2Facility4', 10609, 'coor'
402, 'District21SubDistrict1Facility3', 8278, 'coor'
403, 'District21SubDistrict1Facility4', 10455, 'coor'
400, 'District21SubDistrict1Facility1', 11383, 'coor'
401, 'District21SubDistrict1Facility2', 8750, 'coor'
406, 'District20SubDistrict3Facility2', 11711, 'coor'
407, 'District20SubDistrict3Facility3', 10684, 'coor'
404, 'District21SubDistrict1Facility5', 8241, 'coor'
405, 'District20SubDistrict3Facility1', 9038, 'coor'
395, 'District21SubDistrict2Facility1', 10045, 'coor'
394, 'District18SubDistrict2Facility10', 10730, 'coor'
393, 'District18SubDistrict2Facility9', 11587, 'coor'
392, 'District18SubDistrict2Facility8', 9731, 'coor'
399, 'District21SubDistrict2Facility5', 9932, 'coor'
398, 'District21SubDistrict2Facility4', 11020, 'coor'
397, 'District21SubDistrict2Facility3', 10915, 'coor'
396, 'District21SubDistrict2Facility2', 11869, 'coor'
387, 'District18SubDistrict2Facility3', 8655, 'coor'
386, 'District18SubDistrict2Facility2', 9478, 'coor'
385, 'District18SubDistrict2Facility1', 11424, 'coor'
384, 'District19SubDistrict1Facility10', 8400, 'coor'
391, 'District18SubDistrict2Facility7', 11176, 'coor'
390, 'District18SubDistrict2Facility6', 8108, 'coor'
389, 'District18SubDistrict2Facility5', 9491, 'coor'
388, 'District18SubDistrict2Facility4', 8802, 'coor'
440, 'District21SubDistrict3Facility4', 10406, 'coor'
441, 'District21SubDistrict3Facility5', 10809, 'coor'
442, 'District21SubDistrict3Facility6', 9857, 'coor'
443, 'District24SubDistrict2Facility1', 11256, 'coor'
444, 'District24SubDistrict2Facility2', 10202, 'coor'
445, 'District24SubDistrict2Facility3', 11440, 'coor'
446, 'District24SubDistrict2Facility4', 11216, 'coor'
447, 'District24SubDistrict2Facility5', 10540, 'coor'
432, 'District21SubDistrict4Facility1', 8911, 'coor'
433, 'District21SubDistrict4Facility2', 8546, 'coor'
434, 'District21SubDistrict4Facility3', 10973, 'coor'
435, 'District21SubDistrict4Facility4', 8160, 'coor'
436, 'District21SubDistrict4Facility5', 11965, 'coor'
437, 'District21SubDistrict3Facility1', 9069, 'coor'
438, 'District21SubDistrict3Facility2', 8994, 'coor'
439, 'District21SubDistrict3Facility3', 8477, 'coor'
425, 'District22SubDistrict1Facility3', 10055, 'coor'
424, 'District22SubDistrict1Facility2', 10187, 'coor'
427, 'District22SubDistrict1Facility5', 10537, 'coor'
426, 'District22SubDistrict1Facility4', 8523, 'coor'
429, 'District22SubDistrict1Facility7', 11277, 'coor'
428, 'District22SubDistrict1Facility6', 11643, 'coor'
431, 'District22SubDistrict1Facility9', 9601, 'coor'
430, 'District22SubDistrict1Facility8', 9075, 'coor'
417, 'District22SubDistrict2Facility4', 10785, 'coor'
416, 'District22SubDistrict2Facility3', 8369, 'coor'
419, 'District22SubDistrict2Facility6', 11025, 'coor'
418, 'District22SubDistrict2Facility5', 10530, 'coor'
421, 'District22SubDistrict2Facility8', 9034, 'coor'
420, 'District22SubDistrict2Facility7', 9025, 'coor'
423, 'District22SubDistrict1Facility1', 8062, 'coor'
422, 'District22SubDistrict2Facility9', 11116, 'coor'
478, 'District23SubDistrict2Facility1', 8572, 'coor'
479, 'District23SubDistrict2Facility2', 9012, 'coor'
476, 'District23SubDistrict1Facility7', 10013, 'coor'
477, 'District23SubDistrict1Facility8', 9896, 'coor'
474, 'District23SubDistrict1Facility5', 11599, 'coor'
475, 'District23SubDistrict1Facility6', 11167, 'coor'
472, 'District23SubDistrict1Facility3', 8545, 'coor'
473, 'District23SubDistrict1Facility4', 11117, 'coor'
470, 'District23SubDistrict1Facility1', 10244, 'coor'
471, 'District23SubDistrict1Facility2', 11362, 'coor'
468, 'District22SubDistrict3Facility4', 8257, 'coor'
469, 'District22SubDistrict3Facility5', 8764, 'coor'
466, 'District22SubDistrict3Facility2', 11272, 'coor'
467, 'District22SubDistrict3Facility3', 8871, 'coor'
464, 'District25SubDistrict3Facility8', 8007, 'coor'
465, 'District22SubDistrict3Facility1', 10741, 'coor'
463, 'District25SubDistrict3Facility7', 11101, 'coor'
462, 'District25SubDistrict3Facility6', 10095, 'coor'
461, 'District25SubDistrict3Facility5', 10143, 'coor'
460, 'District25SubDistrict3Facility4', 11047, 'coor'
459, 'District25SubDistrict3Facility3', 11594, 'coor'
458, 'District25SubDistrict3Facility2', 10034, 'coor'
457, 'District25SubDistrict3Facility1', 8225, 'coor'
456, 'District25SubDistrict2Facility4', 10970, 'coor'
455, 'District25SubDistrict2Facility3', 10597, 'coor'
454, 'District25SubDistrict2Facility2', 10260, 'coor'
453, 'District25SubDistrict2Facility1', 11507, 'coor'
452, 'District25SubDistrict1Facility4', 10680, 'coor'
451, 'District25SubDistrict1Facility3', 11202, 'coor'
450, 'District25SubDistrict1Facility2', 9979, 'coor'
449, 'District25SubDistrict1Facility1', 8094, 'coor'
448, 'District24SubDistrict2Facility6', 9610, 'coor'
508, 'District28SubDistrict2Facility2', 10677, 'coor'
509, 'District28SubDistrict2Facility3', 11201, 'coor'
510, 'District28SubDistrict2Facility4', 11295, 'coor'
511, 'District28SubDistrict2Facility5', 8404, 'coor'
504, 'District28SubDistrict1Facility8', 8213, 'coor'
505, 'District28SubDistrict1Facility9', 11699, 'coor'
506, 'District28SubDistrict1Facility10', 8670, 'coor'
507, 'District28SubDistrict2Facility1', 8267, 'coor'
500, 'District28SubDistrict1Facility4', 9684, 'coor'
501, 'District28SubDistrict1Facility5', 8459, 'coor'
502, 'District28SubDistrict1Facility6', 8570, 'coor'
503, 'District28SubDistrict1Facility7', 11575, 'coor'
496, 'District24SubDistrict1Facility10', 10984, 'coor'
497, 'District28SubDistrict1Facility1', 10013, 'coor'
498, 'District28SubDistrict1Facility2', 11598, 'coor'
499, 'District28SubDistrict1Facility3', 10912, 'coor'
493, 'District24SubDistrict1Facility7', 9839, 'coor'
492, 'District24SubDistrict1Facility6', 11351, 'coor'
495, 'District24SubDistrict1Facility9', 10197, 'coor'
494, 'District24SubDistrict1Facility8', 8050, 'coor'
489, 'District24SubDistrict1Facility3', 9979, 'coor'
488, 'District24SubDistrict1Facility2', 10585, 'coor'
491, 'District24SubDistrict1Facility5', 11599, 'coor'
490, 'District24SubDistrict1Facility4', 11427, 'coor'
485, 'District23SubDistrict2Facility8', 9866, 'coor'
484, 'District23SubDistrict2Facility7', 11404, 'coor'
487, 'District24SubDistrict1Facility1', 8476, 'coor'
486, 'District23SubDistrict2Facility9', 8043, 'coor'
481, 'District23SubDistrict2Facility4', 11011, 'coor'
480, 'District23SubDistrict2Facility3', 9169, 'coor'
483, 'District23SubDistrict2Facility6', 8501, 'coor'
482, 'District23SubDistrict2Facility5', 10153, 'coor'
550, 'District26SubDistrict2Facility6', 11221, 'coor'
551, 'District26SubDistrict2Facility7', 8283, 'coor'
548, 'District26SubDistrict2Facility4', 9521, 'coor'
549, 'District26SubDistrict2Facility5', 10213, 'coor'
546, 'District26SubDistrict2Facility2', 9248, 'coor'
547, 'District26SubDistrict2Facility3', 11370, 'coor'
544, 'District26SubDistrict1Facility10', 8385, 'coor'
545, 'District26SubDistrict2Facility1', 10602, 'coor'
558, 'District27SubDistrict1Facility6', 11766, 'coor'
559, 'District27SubDistrict2Facility1', 9411, 'coor'
556, 'District27SubDistrict1Facility4', 9371, 'coor'
557, 'District27SubDistrict1Facility5', 10662, 'coor'
554, 'District27SubDistrict1Facility2', 10281, 'coor'
555, 'District27SubDistrict1Facility3', 11826, 'coor'
552, 'District26SubDistrict2Facility8', 11417, 'coor'
553, 'District27SubDistrict1Facility1', 8110, 'coor'
567, 'District27SubDistrict2Facility9', 10172, 'coor'
566, 'District27SubDistrict2Facility8', 10801, 'coor'
565, 'District27SubDistrict2Facility7', 11905, 'coor'
564, 'District27SubDistrict2Facility6', 11715, 'coor'
563, 'District27SubDistrict2Facility5', 10056, 'coor'
562, 'District27SubDistrict2Facility4', 8617, 'coor'
561, 'District27SubDistrict2Facility3', 11064, 'coor'
560, 'District27SubDistrict2Facility2', 9895, 'coor'
575, 'District30SubDistrict2Facility7', 11001, 'coor'
574, 'District30SubDistrict2Facility6', 11703, 'coor'
573, 'District30SubDistrict2Facility5', 10229, 'coor'
572, 'District30SubDistrict2Facility4', 10221, 'coor'
571, 'District30SubDistrict2Facility3', 11363, 'coor'
570, 'District30SubDistrict2Facility2', 11874, 'coor'
569, 'District30SubDistrict2Facility1', 9972, 'coor'
568, 'District27SubDistrict2Facility10', 8584, 'coor'
516, 'District28SubDistrict2Facility10', 11468, 'coor'
517, 'District28SubDistrict3Facility1', 9990, 'coor'
518, 'District28SubDistrict3Facility2', 8271, 'coor'
519, 'District28SubDistrict3Facility3', 8680, 'coor'
512, 'District28SubDistrict2Facility6', 8722, 'coor'
513, 'District28SubDistrict2Facility7', 9925, 'coor'
514, 'District28SubDistrict2Facility8', 8707, 'coor'
515, 'District28SubDistrict2Facility9', 8996, 'coor'
524, 'District28SubDistrict3Facility8', 11591, 'coor'
525, 'District28SubDistrict3Facility9', 10508, 'coor'
526, 'District28SubDistrict4Facility1', 8606, 'coor'
527, 'District28SubDistrict4Facility2', 9310, 'coor'
520, 'District28SubDistrict3Facility4', 11193, 'coor'
521, 'District28SubDistrict3Facility5', 10615, 'coor'
522, 'District28SubDistrict3Facility6', 8636, 'coor'
523, 'District28SubDistrict3Facility7', 8898, 'coor'
533, 'District28SubDistrict4Facility8', 10426, 'coor'
532, 'District28SubDistrict4Facility7', 10904, 'coor'
535, 'District26SubDistrict1Facility1', 8093, 'coor'
534, 'District28SubDistrict4Facility9', 11663, 'coor'
529, 'District28SubDistrict4Facility4', 9107, 'coor'
528, 'District28SubDistrict4Facility3', 10408, 'coor'
531, 'District28SubDistrict4Facility6', 10180, 'coor'
530, 'District28SubDistrict4Facility5', 8734, 'coor'
541, 'District26SubDistrict1Facility7', 8031, 'coor'
540, 'District26SubDistrict1Facility6', 11027, 'coor'
543, 'District26SubDistrict1Facility9', 8773, 'coor'
542, 'District26SubDistrict1Facility8', 9572, 'coor'
537, 'District26SubDistrict1Facility3', 9378, 'coor'
536, 'District26SubDistrict1Facility2', 10475, 'coor'
539, 'District26SubDistrict1Facility5', 9935, 'coor'
538, 'District26SubDistrict1Facility4', 9338, 'coor'
610, 'District29SubDistrict4Facility1', 11795, 'coor'
611, 'District29SubDistrict4Facility2', 11248, 'coor'
608, 'District29SubDistrict1Facility3', 10493, 'coor'
609, 'District29SubDistrict1Facility4', 11516, 'coor'
614, 'District29SubDistrict4Facility5', 10460, 'coor'
615, 'District29SubDistrict4Facility6', 10103, 'coor'
612, 'District29SubDistrict4Facility3', 11538, 'coor'
613, 'District29SubDistrict4Facility4', 8562, 'coor'
618, 'District29SubDistrict4Facility9', 10801, 'coor'
619, 'District29SubDistrict4Facility10', 10884, 'coor'
616, 'District29SubDistrict4Facility7', 10804, 'coor'
617, 'District29SubDistrict4Facility8', 11859, 'coor'
622, 'District29SubDistrict3Facility3', 8349, 'coor'
623, 'District29SubDistrict3Facility4', 9401, 'coor'
620, 'District29SubDistrict3Facility1', 11677, 'coor'
621, 'District29SubDistrict3Facility2', 9086, 'coor'
627, 'District32SubDistrict3Facility4', 9595, 'coor'
626, 'District32SubDistrict3Facility3', 10074, 'coor'
625, 'District32SubDistrict3Facility2', 8236, 'coor'
624, 'District32SubDistrict3Facility1', 8515, 'coor'
631, 'District32SubDistrict2Facility3', 9796, 'coor'
630, 'District32SubDistrict2Facility2', 11186, 'coor'
629, 'District32SubDistrict2Facility1', 10180, 'coor'
628, 'District32SubDistrict3Facility5', 9308, 'coor'
635, 'District32SubDistrict2Facility7', 10151, 'coor'
634, 'District32SubDistrict2Facility6', 10605, 'coor'
633, 'District32SubDistrict2Facility5', 11177, 'coor'
632, 'District32SubDistrict2Facility4', 9456, 'coor'
639, 'District33SubDistrict2Facility2', 9423, 'coor'
638, 'District33SubDistrict2Facility1', 8256, 'coor'
637, 'District32SubDistrict2Facility9', 10693, 'coor'
636, 'District32SubDistrict2Facility8', 10825, 'coor'
576, 'District30SubDistrict1Facility1', 11134, 'coor'
577, 'District30SubDistrict1Facility2', 9423, 'coor'
578, 'District30SubDistrict1Facility3', 10035, 'coor'
579, 'District30SubDistrict1Facility4', 9260, 'coor'
580, 'District30SubDistrict1Facility5', 9420, 'coor'
581, 'District30SubDistrict1Facility6', 9858, 'coor'
582, 'District30SubDistrict1Facility7', 8063, 'coor'
583, 'District30SubDistrict1Facility8', 10708, 'coor'
584, 'District30SubDistrict1Facility9', 9039, 'coor'
585, 'District30SubDistrict1Facility10', 10813, 'coor'
586, 'District31SubDistrict1Facility1', 11624, 'coor'
587, 'District31SubDistrict1Facility2', 9421, 'coor'
588, 'District31SubDistrict1Facility3', 10369, 'coor'
589, 'District31SubDistrict1Facility4', 10327, 'coor'
590, 'District31SubDistrict1Facility5', 10402, 'coor'
591, 'District31SubDistrict1Facility6', 11073, 'coor'
593, 'District31SubDistrict1Facility8', 10170, 'coor'
592, 'District31SubDistrict1Facility7', 10086, 'coor'
595, 'District30SubDistrict3Facility1', 10670, 'coor'
594, 'District31SubDistrict1Facility9', 11118, 'coor'
597, 'District30SubDistrict3Facility3', 11890, 'coor'
596, 'District30SubDistrict3Facility2', 9986, 'coor'
599, 'District29SubDistrict2Facility1', 8213, 'coor'
598, 'District30SubDistrict3Facility4', 11607, 'coor'
601, 'District29SubDistrict2Facility3', 9434, 'coor'
600, 'District29SubDistrict2Facility2', 8192, 'coor'
603, 'District29SubDistrict2Facility5', 11521, 'coor'
602, 'District29SubDistrict2Facility4', 9078, 'coor'
605, 'District29SubDistrict2Facility7', 10345, 'coor'
604, 'District29SubDistrict2Facility6', 11712, 'coor'
607, 'District29SubDistrict1Facility2', 9856, 'coor'
606, 'District29SubDistrict1Facility1', 9624, 'coor'
687, 'District34SubDistrict3Facility1', 10994, 'coor'
686, 'District35SubDistrict3Facility4', 9883, 'coor'
685, 'District35SubDistrict3Facility3', 10009, 'coor'
684, 'District35SubDistrict3Facility2', 8913, 'coor'
683, 'District35SubDistrict3Facility1', 11983, 'coor'
682, 'District35SubDistrict2Facility6', 9318, 'coor'
681, 'District35SubDistrict2Facility5', 10520, 'coor'
680, 'District35SubDistrict2Facility4', 10316, 'coor'
679, 'District35SubDistrict2Facility3', 9778, 'coor'
678, 'District35SubDistrict2Facility2', 10656, 'coor'
677, 'District35SubDistrict2Facility1', 8526, 'coor'
676, 'District31SubDistrict4Facility8', 8944, 'coor'
675, 'District31SubDistrict4Facility7', 9644, 'coor'
674, 'District31SubDistrict4Facility6', 10878, 'coor'
673, 'District31SubDistrict4Facility5', 9691, 'coor'
672, 'District31SubDistrict4Facility4', 8324, 'coor'
702, 'District35SubDistrict1Facility8', 8062, 'coor'
703, 'District34SubDistrict1Facility1', 9993, 'coor'
700, 'District35SubDistrict1Facility6', 11834, 'coor'
701, 'District35SubDistrict1Facility7', 9474, 'coor'
698, 'District35SubDistrict1Facility4', 11238, 'coor'
699, 'District35SubDistrict1Facility5', 9774, 'coor'
696, 'District35SubDistrict1Facility2', 10284, 'coor'
697, 'District35SubDistrict1Facility3', 10110, 'coor'
694, 'District34SubDistrict3Facility8', 10228, 'coor'
695, 'District35SubDistrict1Facility1', 10657, 'coor'
692, 'District34SubDistrict3Facility6', 8988, 'coor'
693, 'District34SubDistrict3Facility7', 8015, 'coor'
690, 'District34SubDistrict3Facility4', 10133, 'coor'
691, 'District34SubDistrict3Facility5', 9197, 'coor'
688, 'District34SubDistrict3Facility2', 9419, 'coor'
689, 'District34SubDistrict3Facility3', 11791, 'coor'
653, 'District31SubDistrict3Facility3', 9828, 'coor'
652, 'District31SubDistrict3Facility2', 8271, 'coor'
655, 'District31SubDistrict3Facility5', 8348, 'coor'
654, 'District31SubDistrict3Facility4', 10527, 'coor'
649, 'District33SubDistrict1Facility4', 10033, 'coor'
648, 'District33SubDistrict1Facility3', 10593, 'coor'
651, 'District31SubDistrict3Facility1', 10994, 'coor'
650, 'District33SubDistrict1Facility5', 10273, 'coor'
645, 'District33SubDistrict2Facility8', 8879, 'coor'
644, 'District33SubDistrict2Facility7', 9452, 'coor'
647, 'District33SubDistrict1Facility2', 10257, 'coor'
646, 'District33SubDistrict1Facility1', 11767, 'coor'
641, 'District33SubDistrict2Facility4', 8110, 'coor'
640, 'District33SubDistrict2Facility3', 9678, 'coor'
643, 'District33SubDistrict2Facility6', 8199, 'coor'
642, 'District33SubDistrict2Facility5', 10091, 'coor'
668, 'District32SubDistrict1Facility9', 9616, 'coor'
669, 'District31SubDistrict4Facility1', 9466, 'coor'
670, 'District31SubDistrict4Facility2', 8140, 'coor'
671, 'District31SubDistrict4Facility3', 8100, 'coor'
664, 'District32SubDistrict1Facility5', 11176, 'coor'
665, 'District32SubDistrict1Facility6', 9681, 'coor'
666, 'District32SubDistrict1Facility7', 10794, 'coor'
667, 'District32SubDistrict1Facility8', 9142, 'coor'
660, 'District32SubDistrict1Facility1', 9987, 'coor'
661, 'District32SubDistrict1Facility2', 9088, 'coor'
662, 'District32SubDistrict1Facility3', 11677, 'coor'
663, 'District32SubDistrict1Facility4', 9724, 'coor'
656, 'District31SubDistrict2Facility1', 8095, 'coor'
657, 'District31SubDistrict2Facility2', 9708, 'coor'
658, 'District31SubDistrict2Facility3', 8215, 'coor'
659, 'District31SubDistrict2Facility4', 11342, 'coor'
747, 'District37SubDistrict3Facility3', 11432, 'coor'
746, 'District37SubDistrict3Facility2', 9815, 'coor'
745, 'District37SubDistrict3Facility1', 11284, 'coor'
744, 'District38SubDistrict3Facility7', 10403, 'coor'
751, 'District38SubDistrict1Facility1', 8532, 'coor'
750, 'District37SubDistrict3Facility6', 10830, 'coor'
749, 'District37SubDistrict3Facility5', 10831, 'coor'
748, 'District37SubDistrict3Facility4', 10775, 'coor'
739, 'District38SubDistrict3Facility2', 10998, 'coor'
738, 'District38SubDistrict3Facility1', 11811, 'coor'
737, 'District38SubDistrict2Facility8', 8441, 'coor'
736, 'District38SubDistrict2Facility7', 8959, 'coor'
743, 'District38SubDistrict3Facility6', 9960, 'coor'
742, 'District38SubDistrict3Facility5', 8084, 'coor'
741, 'District38SubDistrict3Facility4', 11410, 'coor'
740, 'District38SubDistrict3Facility3', 11086, 'coor'
762, 'District37SubDistrict1Facility7', 11382, 'coor'
763, 'District37SubDistrict1Facility8', 11003, 'coor'
760, 'District37SubDistrict1Facility5', 11232, 'coor'
761, 'District37SubDistrict1Facility6', 11416, 'coor'
766, 'District37SubDistrict2Facility3', 10625, 'coor'
767, 'District37SubDistrict2Facility4', 8693, 'coor'
764, 'District37SubDistrict2Facility1', 10040, 'coor'
765, 'District37SubDistrict2Facility2', 11579, 'coor'
754, 'District38SubDistrict1Facility4', 11597, 'coor'
755, 'District38SubDistrict1Facility5', 8766, 'coor'
752, 'District38SubDistrict1Facility2', 8323, 'coor'
753, 'District38SubDistrict1Facility3', 11997, 'coor'
758, 'District37SubDistrict1Facility3', 11741, 'coor'
759, 'District37SubDistrict1Facility4', 11646, 'coor'
756, 'District37SubDistrict1Facility1', 11556, 'coor'
757, 'District37SubDistrict1Facility2', 10055, 'coor'
713, 'District34SubDistrict2Facility5', 9526, 'coor'
712, 'District34SubDistrict2Facility4', 8256, 'coor'
715, 'District34SubDistrict2Facility7', 10009, 'coor'
714, 'District34SubDistrict2Facility6', 10156, 'coor'
717, 'District33SubDistrict3Facility1', 10196, 'coor'
716, 'District34SubDistrict2Facility8', 11778, 'coor'
719, 'District33SubDistrict3Facility3', 10922, 'coor'
718, 'District33SubDistrict3Facility2', 9765, 'coor'
705, 'District34SubDistrict1Facility3', 9796, 'coor'
704, 'District34SubDistrict1Facility2', 11146, 'coor'
707, 'District34SubDistrict1Facility5', 8373, 'coor'
706, 'District34SubDistrict1Facility4', 8013, 'coor'
709, 'District34SubDistrict2Facility1', 8537, 'coor'
708, 'District34SubDistrict1Facility6', 9019, 'coor'
711, 'District34SubDistrict2Facility3', 9151, 'coor'
710, 'District34SubDistrict2Facility2', 10493, 'coor'
728, 'District33SubDistrict4Facility5', 11342, 'coor'
729, 'District33SubDistrict4Facility6', 8283, 'coor'
730, 'District38SubDistrict2Facility1', 8614, 'coor'
731, 'District38SubDistrict2Facility2', 11765, 'coor'
732, 'District38SubDistrict2Facility3', 10047, 'coor'
733, 'District38SubDistrict2Facility4', 9097, 'coor'
734, 'District38SubDistrict2Facility5', 9973, 'coor'
735, 'District38SubDistrict2Facility6', 10324, 'coor'
720, 'District33SubDistrict3Facility4', 10767, 'coor'
721, 'District33SubDistrict3Facility5', 10017, 'coor'
722, 'District33SubDistrict3Facility6', 10518, 'coor'
723, 'District33SubDistrict3Facility7', 9495, 'coor'
724, 'District33SubDistrict4Facility1', 10947, 'coor'
725, 'District33SubDistrict4Facility2', 9174, 'coor'
726, 'District33SubDistrict4Facility3', 10797, 'coor'
727, 'District33SubDistrict4Facility4', 8050, 'coor'
821, 'District40SubDistrict1Facility7', 11093, 'coor'
820, 'District40SubDistrict1Facility6', 8372, 'coor'
823, 'District39SubDistrict2Facility1', 9273, 'coor'
822, 'District40SubDistrict1Facility8', 10579, 'coor'
817, 'District40SubDistrict1Facility3', 11056, 'coor'
816, 'District40SubDistrict1Facility2', 11689, 'coor'
819, 'District40SubDistrict1Facility5', 10045, 'coor'
818, 'District40SubDistrict1Facility4', 8742, 'coor'
829, 'District39SubDistrict1Facility1', 9830, 'coor'
828, 'District39SubDistrict2Facility6', 10332, 'coor'
831, 'District39SubDistrict1Facility3', 9164, 'coor'
830, 'District39SubDistrict1Facility2', 10834, 'coor'
825, 'District39SubDistrict2Facility3', 10697, 'coor'
824, 'District39SubDistrict2Facility2', 8307, 'coor'
827, 'District39SubDistrict2Facility5', 11390, 'coor'
826, 'District39SubDistrict2Facility4', 10876, 'coor'
804, 'District40SubDistrict3Facility4', 10868, 'coor'
805, 'District40SubDistrict3Facility5', 9058, 'coor'
806, 'District40SubDistrict3Facility6', 11839, 'coor'
807, 'District40SubDistrict2Facility1', 8027, 'coor'
800, 'District40SubDistrict4Facility9', 9753, 'coor'
801, 'District40SubDistrict3Facility1', 9910, 'coor'
802, 'District40SubDistrict3Facility2', 8256, 'coor'
803, 'District40SubDistrict3Facility3', 9484, 'coor'
812, 'District40SubDistrict2Facility6', 9115, 'coor'
813, 'District40SubDistrict2Facility7', 8664, 'coor'
814, 'District40SubDistrict2Facility8', 10446, 'coor'
815, 'District40SubDistrict1Facility1', 9771, 'coor'
808, 'District40SubDistrict2Facility2', 9256, 'coor'
809, 'District40SubDistrict2Facility3', 10726, 'coor'
810, 'District40SubDistrict2Facility4', 9919, 'coor'
811, 'District40SubDistrict2Facility5', 11712, 'coor'
791, 'District41SubDistrict1Facility5', 8239, 'coor'
790, 'District41SubDistrict1Facility4', 8469, 'coor'
789, 'District41SubDistrict1Facility3', 8980, 'coor'
788, 'District41SubDistrict1Facility2', 8458, 'coor'
787, 'District41SubDistrict1Facility1', 9176, 'coor'
786, 'District36SubDistrict2Facility8', 10079, 'coor'
785, 'District36SubDistrict2Facility7', 10616, 'coor'
784, 'District36SubDistrict2Facility6', 8940, 'coor'
799, 'District40SubDistrict4Facility8', 9329, 'coor'
798, 'District40SubDistrict4Facility7', 11773, 'coor'
797, 'District40SubDistrict4Facility6', 9662, 'coor'
796, 'District40SubDistrict4Facility5', 11808, 'coor'
795, 'District40SubDistrict4Facility4', 9182, 'coor'
794, 'District40SubDistrict4Facility3', 11264, 'coor'
793, 'District40SubDistrict4Facility2', 11765, 'coor'
792, 'District40SubDistrict4Facility1', 11094, 'coor'
774, 'District36SubDistrict1Facility5', 11441, 'coor'
775, 'District36SubDistrict1Facility6', 11784, 'coor'
772, 'District36SubDistrict1Facility3', 11885, 'coor'
773, 'District36SubDistrict1Facility4', 10093, 'coor'
770, 'District36SubDistrict1Facility1', 8975, 'coor'
771, 'District36SubDistrict1Facility2', 9179, 'coor'
768, 'District37SubDistrict2Facility5', 11680, 'coor'
769, 'District37SubDistrict2Facility6', 10515, 'coor'
782, 'District36SubDistrict2Facility4', 11761, 'coor'
783, 'District36SubDistrict2Facility5', 8815, 'coor'
780, 'District36SubDistrict2Facility2', 8400, 'coor'
781, 'District36SubDistrict2Facility3', 10827, 'coor'
778, 'District36SubDistrict1Facility9', 8965, 'coor'
779, 'District36SubDistrict2Facility1', 10737, 'coor'
776, 'District36SubDistrict1Facility7', 8209, 'coor'
777, 'District36SubDistrict1Facility8', 11661, 'coor'
881, 'District42SubDistrict3Facility3', 8106, 'coor'
880, 'District42SubDistrict3Facility2', 10834, 'coor'
883, 'District42SubDistrict3Facility5', 8981, 'coor'
882, 'District42SubDistrict3Facility4', 8725, 'coor'
885, 'District42SubDistrict3Facility7', 11884, 'coor'
884, 'District42SubDistrict3Facility6', 8292, 'coor'
887, 'District42SubDistrict2Facility2', 8896, 'coor'
886, 'District42SubDistrict2Facility1', 8873, 'coor'
889, 'District42SubDistrict2Facility4', 10835, 'coor'
888, 'District42SubDistrict2Facility3', 11075, 'coor'
891, 'District42SubDistrict1Facility2', 10614, 'coor'
890, 'District42SubDistrict1Facility1', 10831, 'coor'
893, 'District42SubDistrict1Facility4', 8467, 'coor'
892, 'District42SubDistrict1Facility3', 10862, 'coor'
895, 'District42SubDistrict1Facility6', 10509, 'coor'
894, 'District42SubDistrict1Facility5', 10055, 'coor'
864, 'District43SubDistrict2Facility1', 11177, 'coor'
865, 'District43SubDistrict2Facility2', 10975, 'coor'
866, 'District43SubDistrict2Facility3', 9724, 'coor'
867, 'District43SubDistrict2Facility4', 9232, 'coor'
868, 'District43SubDistrict2Facility5', 10383, 'coor'
869, 'District43SubDistrict2Facility6', 10421, 'coor'
870, 'District43SubDistrict2Facility7', 10427, 'coor'
871, 'District43SubDistrict2Facility8', 10956, 'coor'
872, 'District43SubDistrict2Facility9', 11698, 'coor'
873, 'District43SubDistrict2Facility10', 10151, 'coor'
874, 'District43SubDistrict1Facility1', 8915, 'coor'
875, 'District43SubDistrict1Facility2', 9250, 'coor'
876, 'District43SubDistrict1Facility3', 11890, 'coor'
877, 'District43SubDistrict1Facility4', 8468, 'coor'
878, 'District43SubDistrict1Facility5', 9574, 'coor'
879, 'District42SubDistrict3Facility1', 8960, 'coor'
851, 'District43SubDistrict4Facility5', 11671, 'coor'
850, 'District43SubDistrict4Facility4', 8164, 'coor'
849, 'District43SubDistrict4Facility3', 9432, 'coor'
848, 'District43SubDistrict4Facility2', 9387, 'coor'
855, 'District43SubDistrict3Facility2', 8849, 'coor'
854, 'District43SubDistrict3Facility1', 10925, 'coor'
853, 'District43SubDistrict4Facility7', 9651, 'coor'
852, 'District43SubDistrict4Facility6', 10101, 'coor'
859, 'District43SubDistrict3Facility6', 11636, 'coor'
858, 'District43SubDistrict3Facility5', 9242, 'coor'
857, 'District43SubDistrict3Facility4', 8783, 'coor'
856, 'District43SubDistrict3Facility3', 8213, 'coor'
863, 'District43SubDistrict3Facility10', 8424, 'coor'
862, 'District43SubDistrict3Facility9', 10803, 'coor'
861, 'District43SubDistrict3Facility8', 9463, 'coor'
860, 'District43SubDistrict3Facility7', 9572, 'coor'
834, 'District39SubDistrict1Facility6', 9552, 'coor'
835, 'District39SubDistrict1Facility7', 10899, 'coor'
832, 'District39SubDistrict1Facility4', 9013, 'coor'
833, 'District39SubDistrict1Facility5', 9963, 'coor'
838, 'District38SubDistrict4Facility1', 11535, 'coor'
839, 'District38SubDistrict4Facility2', 11041, 'coor'
836, 'District39SubDistrict1Facility8', 9522, 'coor'
837, 'District39SubDistrict1Facility9', 11049, 'coor'
842, 'District38SubDistrict4Facility5', 9978, 'coor'
843, 'District38SubDistrict4Facility6', 9374, 'coor'
840, 'District38SubDistrict4Facility3', 8827, 'coor'
841, 'District38SubDistrict4Facility4', 10241, 'coor'
846, 'District38SubDistrict4Facility9', 9216, 'coor'
847, 'District43SubDistrict4Facility1', 11303, 'coor'
844, 'District38SubDistrict4Facility7', 10898, 'coor'
845, 'District38SubDistrict4Facility8', 10301, 'coor'
956, 'District49SubDistrict1Facility2', 9484, 'coor'
957, 'District49SubDistrict1Facility3', 11035, 'coor'
958, 'District49SubDistrict1Facility4', 10697, 'coor'
959, 'District49SubDistrict1Facility5', 10160, 'coor'
952, 'District49SubDistrict2Facility7', 8445, 'coor'
953, 'District49SubDistrict2Facility8', 9945, 'coor'
954, 'District49SubDistrict2Facility9', 8204, 'coor'
955, 'District49SubDistrict1Facility1', 10516, 'coor'
948, 'District49SubDistrict2Facility3', 8972, 'coor'
949, 'District49SubDistrict2Facility4', 8822, 'coor'
950, 'District49SubDistrict2Facility5', 10242, 'coor'
951, 'District49SubDistrict2Facility6', 8727, 'coor'
944, 'District48SubDistrict3Facility8', 10914, 'coor'
945, 'District48SubDistrict3Facility9', 9816, 'coor'
946, 'District49SubDistrict2Facility1', 10812, 'coor'
947, 'District49SubDistrict2Facility2', 9492, 'coor'
941, 'District48SubDistrict3Facility5', 9425, 'coor'
940, 'District48SubDistrict3Facility4', 8650, 'coor'
943, 'District48SubDistrict3Facility7', 11576, 'coor'
942, 'District48SubDistrict3Facility6', 8165, 'coor'
937, 'District48SubDistrict3Facility1', 11602, 'coor'
936, 'District48SubDistrict4Facility8', 11623, 'coor'
939, 'District48SubDistrict3Facility3', 11288, 'coor'
938, 'District48SubDistrict3Facility2', 9690, 'coor'
933, 'District48SubDistrict4Facility5', 9168, 'coor'
932, 'District48SubDistrict4Facility4', 10335, 'coor'
935, 'District48SubDistrict4Facility7', 10360, 'coor'
934, 'District48SubDistrict4Facility6', 10784, 'coor'
929, 'District48SubDistrict4Facility1', 9924, 'coor'
928, 'District48SubDistrict1Facility6', 11295, 'coor'
931, 'District48SubDistrict4Facility3', 10465, 'coor'
930, 'District48SubDistrict4Facility2', 9591, 'coor'
926, 'District48SubDistrict1Facility4', 9239, 'coor'
927, 'District48SubDistrict1Facility5', 10631, 'coor'
924, 'District48SubDistrict1Facility2', 11354, 'coor'
925, 'District48SubDistrict1Facility3', 8425, 'coor'
922, 'District48SubDistrict2Facility8', 10850, 'coor'
923, 'District48SubDistrict1Facility1', 10426, 'coor'
920, 'District48SubDistrict2Facility6', 8223, 'coor'
921, 'District48SubDistrict2Facility7', 9496, 'coor'
918, 'District48SubDistrict2Facility4', 11960, 'coor'
919, 'District48SubDistrict2Facility5', 8566, 'coor'
916, 'District48SubDistrict2Facility2', 8681, 'coor'
917, 'District48SubDistrict2Facility3', 10076, 'coor'
914, 'District47SubDistrict1Facility4', 8202, 'coor'
915, 'District48SubDistrict2Facility1', 8263, 'coor'
912, 'District47SubDistrict1Facility2', 8691, 'coor'
913, 'District47SubDistrict1Facility3', 11047, 'coor'
911, 'District47SubDistrict1Facility1', 8329, 'coor'
910, 'District47SubDistrict2Facility8', 11780, 'coor'
909, 'District47SubDistrict2Facility7', 8839, 'coor'
908, 'District47SubDistrict2Facility6', 10337, 'coor'
907, 'District47SubDistrict2Facility5', 11199, 'coor'
906, 'District47SubDistrict2Facility4', 9717, 'coor'
905, 'District47SubDistrict2Facility3', 8815, 'coor'
904, 'District47SubDistrict2Facility2', 11888, 'coor'
903, 'District47SubDistrict2Facility1', 9576, 'coor'
902, 'District41SubDistrict2Facility7', 8327, 'coor'
901, 'District41SubDistrict2Facility6', 11569, 'coor'
900, 'District41SubDistrict2Facility5', 11962, 'coor'
899, 'District41SubDistrict2Facility4', 9930, 'coor'
898, 'District41SubDistrict2Facility3', 9523, 'coor'
897, 'District41SubDistrict2Facility2', 9236, 'coor'
896, 'District41SubDistrict2Facility1', 9070, 'coor'
1016, 'District46SubDistrict2Facility7', 9699, 'coor'
1017, 'District46SubDistrict2Facility8', 11599, 'coor'
1018, 'District46SubDistrict1Facility1', 10495, 'coor'
1019, 'District46SubDistrict1Facility2', 9419, 'coor'
1020, 'District46SubDistrict1Facility3', 10971, 'coor'
1021, 'District46SubDistrict1Facility4', 8774, 'coor'
1022, 'District46SubDistrict1Facility5', 8686, 'coor'
1023, 'District46SubDistrict1Facility6', 10395, 'coor'
1008, 'District45SubDistrict2Facility9', 9712, 'coor'
1009, 'District45SubDistrict2Facility10', 8254, 'coor'
1010, 'District46SubDistrict2Facility1', 9814, 'coor'
1011, 'District46SubDistrict2Facility2', 9251, 'coor'
1012, 'District46SubDistrict2Facility3', 11399, 'coor'
1013, 'District46SubDistrict2Facility4', 11666, 'coor'
1014, 'District46SubDistrict2Facility5', 11764, 'coor'
1015, 'District46SubDistrict2Facility6', 10981, 'coor'
1001, 'District45SubDistrict2Facility2', 8499, 'coor'
1000, 'District45SubDistrict2Facility1', 10041, 'coor'
1003, 'District45SubDistrict2Facility4', 11005, 'coor'
1002, 'District45SubDistrict2Facility3', 9271, 'coor'
1005, 'District45SubDistrict2Facility6', 11876, 'coor'
1004, 'District45SubDistrict2Facility5', 10162, 'coor'
1007, 'District45SubDistrict2Facility8', 11906, 'coor'
1006, 'District45SubDistrict2Facility7', 10271, 'coor'
993, 'District45SubDistrict3Facility1', 11454, 'coor'
992, 'District44SubDistrict3Facility9', 10691, 'coor'
995, 'District45SubDistrict3Facility3', 10893, 'coor'
994, 'District45SubDistrict3Facility2', 10242, 'coor'
997, 'District45SubDistrict3Facility5', 11803, 'coor'
996, 'District45SubDistrict3Facility4', 10378, 'coor'
999, 'District45SubDistrict3Facility7', 10412, 'coor'
998, 'District45SubDistrict3Facility6', 10116, 'coor'
986, 'District44SubDistrict3Facility3', 10839, 'coor'
987, 'District44SubDistrict3Facility4', 11798, 'coor'
984, 'District44SubDistrict3Facility1', 10671, 'coor'
985, 'District44SubDistrict3Facility2', 11404, 'coor'
990, 'District44SubDistrict3Facility7', 10477, 'coor'
991, 'District44SubDistrict3Facility8', 10393, 'coor'
988, 'District44SubDistrict3Facility5', 10976, 'coor'
989, 'District44SubDistrict3Facility6', 11993, 'coor'
978, 'District45SubDistrict1Facility2', 8389, 'coor'
979, 'District45SubDistrict1Facility3', 10183, 'coor'
976, 'District44SubDistrict1Facility8', 11723, 'coor'
977, 'District45SubDistrict1Facility1', 10376, 'coor'
982, 'District45SubDistrict1Facility6', 11620, 'coor'
983, 'District45SubDistrict1Facility7', 9960, 'coor'
980, 'District45SubDistrict1Facility4', 10281, 'coor'
981, 'District45SubDistrict1Facility5', 8303, 'coor'
971, 'District44SubDistrict1Facility3', 8930, 'coor'
970, 'District44SubDistrict1Facility2', 11484, 'coor'
969, 'District44SubDistrict1Facility1', 11754, 'coor'
968, 'District44SubDistrict2Facility8', 9611, 'coor'
975, 'District44SubDistrict1Facility7', 8682, 'coor'
974, 'District44SubDistrict1Facility6', 8987, 'coor'
973, 'District44SubDistrict1Facility5', 9836, 'coor'
972, 'District44SubDistrict1Facility4', 8668, 'coor'
963, 'District44SubDistrict2Facility3', 9423, 'coor'
962, 'District44SubDistrict2Facility2', 8301, 'coor'
961, 'District44SubDistrict2Facility1', 9811, 'coor'
960, 'District49SubDistrict1Facility6', 11003, 'coor'
967, 'District44SubDistrict2Facility7', 8478, 'coor'
966, 'District44SubDistrict2Facility6', 9465, 'coor'
965, 'District44SubDistrict2Facility5', 11439, 'coor'
964, 'District44SubDistrict2Facility4', 9363, 'coor'
1100, 'District51SubDistrict1Facility4', 11797, 'coor'
1101, 'District51SubDistrict1Facility5', 11823, 'coor'
1102, 'District51SubDistrict1Facility6', 10926, 'coor'
1103, 'District51SubDistrict2Facility1', 8329, 'coor'
1096, 'District50SubDistrict2Facility7', 10566, 'coor'
1097, 'District51SubDistrict1Facility1', 10753, 'coor'
1098, 'District51SubDistrict1Facility2', 10778, 'coor'
1099, 'District51SubDistrict1Facility3', 8550, 'coor'
1092, 'District50SubDistrict2Facility3', 8429, 'coor'
1093, 'District50SubDistrict2Facility4', 10103, 'coor'
1094, 'District50SubDistrict2Facility5', 10543, 'coor'
1095, 'District50SubDistrict2Facility6', 10449, 'coor'
1088, 'District50SubDistrict1Facility6', 10265, 'coor'
1089, 'District50SubDistrict1Facility7', 8598, 'coor'
1090, 'District50SubDistrict2Facility1', 8347, 'coor'
1091, 'District50SubDistrict2Facility2', 9443, 'coor'
1117, 'District52SubDistrict2Facility2', 9608, 'coor'
1116, 'District52SubDistrict2Facility1', 9045, 'coor'
1119, 'District52SubDistrict2Facility4', 11077, 'coor'
1118, 'District52SubDistrict2Facility3', 8006, 'coor'
1113, 'District52SubDistrict1Facility7', 10775, 'coor'
1112, 'District52SubDistrict1Facility6', 11300, 'coor'
1115, 'District52SubDistrict1Facility9', 10954, 'coor'
1114, 'District52SubDistrict1Facility8', 8464, 'coor'
1109, 'District52SubDistrict1Facility3', 11077, 'coor'
1108, 'District52SubDistrict1Facility2', 9573, 'coor'
1111, 'District52SubDistrict1Facility5', 9603, 'coor'
1110, 'District52SubDistrict1Facility4', 10105, 'coor'
1105, 'District51SubDistrict2Facility3', 11734, 'coor'
1104, 'District51SubDistrict2Facility2', 8210, 'coor'
1107, 'District52SubDistrict1Facility1', 9224, 'coor'
1106, 'District51SubDistrict2Facility4', 11083, 'coor'
1134, 'District53SubDistrict2Facility1', 10497, 'coor'
1135, 'District53SubDistrict2Facility2', 9212, 'coor'
1132, 'District53SubDistrict1Facility7', 10317, 'coor'
1133, 'District53SubDistrict1Facility8', 9667, 'coor'
1130, 'District53SubDistrict1Facility5', 11298, 'coor'
1131, 'District53SubDistrict1Facility6', 10075, 'coor'
1128, 'District53SubDistrict1Facility3', 9732, 'coor'
1129, 'District53SubDistrict1Facility4', 8291, 'coor'
1126, 'District53SubDistrict1Facility1', 11071, 'coor'
1127, 'District53SubDistrict1Facility2', 11742, 'coor'
1124, 'District52SubDistrict2Facility9', 9750, 'coor'
1125, 'District52SubDistrict2Facility10', 8762, 'coor'
1122, 'District52SubDistrict2Facility7', 11117, 'coor'
1123, 'District52SubDistrict2Facility8', 8464, 'coor'
1120, 'District52SubDistrict2Facility5', 8992, 'coor'
1121, 'District52SubDistrict2Facility6', 9647, 'coor'
1151, 'District60SubDistrict1Facility6', 10494, 'coor'
1150, 'District60SubDistrict1Facility5', 10758, 'coor'
1149, 'District60SubDistrict1Facility4', 11107, 'coor'
1148, 'District60SubDistrict1Facility3', 10058, 'coor'
1147, 'District60SubDistrict1Facility2', 10014, 'coor'
1146, 'District60SubDistrict1Facility1', 10756, 'coor'
1145, 'District60SubDistrict2Facility5', 10746, 'coor'
1144, 'District60SubDistrict2Facility4', 8285, 'coor'
1143, 'District60SubDistrict2Facility3', 8498, 'coor'
1142, 'District60SubDistrict2Facility2', 11878, 'coor'
1141, 'District60SubDistrict2Facility1', 11295, 'coor'
1140, 'District53SubDistrict2Facility7', 11892, 'coor'
1139, 'District53SubDistrict2Facility6', 11545, 'coor'
1138, 'District53SubDistrict2Facility5', 9326, 'coor'
1137, 'District53SubDistrict2Facility4', 11283, 'coor'
1136, 'District53SubDistrict2Facility3', 11428, 'coor'
1032, 'District54SubDistrict1Facility8', 9249, 'coor'
1033, 'District54SubDistrict2Facility1', 10099, 'coor'
1034, 'District54SubDistrict2Facility2', 9151, 'coor'
1035, 'District54SubDistrict2Facility3', 9004, 'coor'
1036, 'District54SubDistrict2Facility4', 9465, 'coor'
1037, 'District54SubDistrict2Facility5', 9979, 'coor'
1038, 'District54SubDistrict2Facility6', 10458, 'coor'
1039, 'District54SubDistrict3Facility1', 9926, 'coor'
1024, 'District46SubDistrict1Facility7', 9064, 'coor'
1025, 'District54SubDistrict1Facility1', 11480, 'coor'
1026, 'District54SubDistrict1Facility2', 9322, 'coor'
1027, 'District54SubDistrict1Facility3', 8752, 'coor'
1028, 'District54SubDistrict1Facility4', 8456, 'coor'
1029, 'District54SubDistrict1Facility5', 11069, 'coor'
1030, 'District54SubDistrict1Facility6', 10626, 'coor'
1031, 'District54SubDistrict1Facility7', 9888, 'coor'
1049, 'District55SubDistrict1Facility1', 11782, 'coor'
1048, 'District54SubDistrict3Facility10', 9916, 'coor'
1051, 'District55SubDistrict1Facility3', 8602, 'coor'
1050, 'District55SubDistrict1Facility2', 11301, 'coor'
1053, 'District55SubDistrict1Facility5', 8127, 'coor'
1052, 'District55SubDistrict1Facility4', 11746, 'coor'
1055, 'District55SubDistrict1Facility7', 11991, 'coor'
1054, 'District55SubDistrict1Facility6', 10459, 'coor'
1041, 'District54SubDistrict3Facility3', 11446, 'coor'
1040, 'District54SubDistrict3Facility2', 8557, 'coor'
1043, 'District54SubDistrict3Facility5', 10074, 'coor'
1042, 'District54SubDistrict3Facility4', 11259, 'coor'
1045, 'District54SubDistrict3Facility7', 9317, 'coor'
1044, 'District54SubDistrict3Facility6', 9530, 'coor'
1047, 'District54SubDistrict3Facility9', 11686, 'coor'
1046, 'District54SubDistrict3Facility8', 11645, 'coor'
1066, 'District56SubDistrict1Facility4', 8583, 'coor'
1067, 'District56SubDistrict1Facility5', 9537, 'coor'
1064, 'District56SubDistrict1Facility2', 11621, 'coor'
1065, 'District56SubDistrict1Facility3', 10167, 'coor'
1070, 'District56SubDistrict2Facility1', 11772, 'coor'
1071, 'District56SubDistrict2Facility2', 8450, 'coor'
1068, 'District56SubDistrict1Facility6', 11673, 'coor'
1069, 'District56SubDistrict1Facility7', 9608, 'coor'
1058, 'District55SubDistrict2Facility2', 11037, 'coor'
1059, 'District55SubDistrict2Facility3', 11716, 'coor'
1056, 'District55SubDistrict1Facility8', 10127, 'coor'
1057, 'District55SubDistrict2Facility1', 8631, 'coor'
1062, 'District55SubDistrict2Facility6', 11905, 'coor'
1063, 'District56SubDistrict1Facility1', 9337, 'coor'
1060, 'District55SubDistrict2Facility4', 9067, 'coor'
1061, 'District55SubDistrict2Facility5', 8201, 'coor'
1083, 'District50SubDistrict1Facility1', 8531, 'coor'
1082, 'District56SubDistrict3Facility6', 10838, 'coor'
1081, 'District56SubDistrict3Facility5', 10260, 'coor'
1080, 'District56SubDistrict3Facility4', 9184, 'coor'
1087, 'District50SubDistrict1Facility5', 10428, 'coor'
1086, 'District50SubDistrict1Facility4', 10977, 'coor'
1085, 'District50SubDistrict1Facility3', 9042, 'coor'
1084, 'District50SubDistrict1Facility2', 9921, 'coor'
1075, 'District56SubDistrict2Facility6', 11628, 'coor'
1074, 'District56SubDistrict2Facility5', 8653, 'coor'
1073, 'District56SubDistrict2Facility4', 9999, 'coor'
1072, 'District56SubDistrict2Facility3', 8473, 'coor'
1079, 'District56SubDistrict3Facility3', 10001, 'coor'
1078, 'District56SubDistrict3Facility2', 8384, 'coor'
1077, 'District56SubDistrict3Facility1', 11855, 'coor'
1076, 'District56SubDistrict2Facility7', 10064, 'coor'
1153, 'District58SubDistrict1Facility1', 11786, 'coor'
1152, 'District60SubDistrict1Facility7', 10342, 'coor'
1155, 'District58SubDistrict1Facility3', 10529, 'coor'
1154, 'District58SubDistrict1Facility2', 9747, 'coor'
1157, 'District58SubDistrict1Facility5', 8004, 'coor'
1156, 'District58SubDistrict1Facility4', 9154, 'coor'
1159, 'District58SubDistrict1Facility7', 8882, 'coor'
1158, 'District58SubDistrict1Facility6', 8494, 'coor'
1161, 'District58SubDistrict1Facility9', 10413, 'coor'
1160, 'District58SubDistrict1Facility8', 10936, 'coor'
1163, 'District57SubDistrict2Facility2', 11313, 'coor'
1162, 'District57SubDistrict2Facility1', 8074, 'coor'
1165, 'District57SubDistrict2Facility4', 11303, 'coor'
1164, 'District57SubDistrict2Facility3', 11987, 'coor'
1167, 'District57SubDistrict1Facility1', 9093, 'coor'
1166, 'District57SubDistrict2Facility5', 10890, 'coor'
1168, 'District57SubDistrict1Facility2', 9876, 'coor'
1169, 'District57SubDistrict1Facility3', 9149, 'coor'
1170, 'District57SubDistrict1Facility4', 11209, 'coor'
1171, 'District57SubDistrict1Facility5', 8535, 'coor'
1172, 'District57SubDistrict1Facility6', 10088, 'coor'
1173, 'District57SubDistrict1Facility7', 11587, 'coor'
1174, 'District56SubDistrict4Facility1', 10369, 'coor'
1175, 'District56SubDistrict4Facility2', 10608, 'coor'
1176, 'District56SubDistrict4Facility3', 11890, 'coor'
1177, 'District56SubDistrict4Facility4', 8939, 'coor'
1178, 'District56SubDistrict4Facility5', 10242, 'coor'
1179, 'District56SubDistrict4Facility6', 9546, 'coor'
1180, 'District59SubDistrict2Facility1', 9515, 'coor'
1181, 'District59SubDistrict2Facility2', 11872, 'coor'
1182, 'District59SubDistrict2Facility3', 8739, 'coor'
1183, 'District59SubDistrict2Facility4', 10705, 'coor'
1187, 'District59SubDistrict2Facility8', 11105, 'coor'
1186, 'District59SubDistrict2Facility7', 11719, 'coor'
1185, 'District59SubDistrict2Facility6', 9014, 'coor'
1184, 'District59SubDistrict2Facility5', 10622, 'coor'
1191, 'District59SubDistrict1Facility2', 8226, 'coor'
1190, 'District59SubDistrict1Facility1', 10512, 'coor'
1189, 'District59SubDistrict2Facility10', 9343, 'coor'
1188, 'District59SubDistrict2Facility9', 8523, 'coor'
1195, 'District59SubDistrict1Facility6', 9794, 'coor'
1194, 'District59SubDistrict1Facility5', 8639, 'coor'
1193, 'District59SubDistrict1Facility4', 11244, 'coor'
1192, 'District59SubDistrict1Facility3', 9135, 'coor'
1199, 'District58SubDistrict3Facility2', 11393, 'coor'
1198, 'District58SubDistrict3Facility1', 10977, 'coor'
1197, 'District59SubDistrict1Facility8', 9957, 'coor'
1196, 'District59SubDistrict1Facility7', 9783, 'coor'
1202, 'District58SubDistrict3Facility5', 10037, 'coor'
1203, 'District58SubDistrict2Facility1', 9855, 'coor'
1200, 'District58SubDistrict3Facility3', 9450, 'coor'
1201, 'District58SubDistrict3Facility4', 8545, 'coor'
1206, 'District58SubDistrict2Facility4', 8066, 'coor'
1204, 'District58SubDistrict2Facility2', 10847, 'coor'
1205, 'District58SubDistrict2Facility3', 9933, 'coor'
