1, District1SubDistrict1Facility1, 11235, coor
2, District1SubDistrict1Facility2, 11178, coor
3, District1SubDistrict1Facility3, 10986, coor
4, District1SubDistrict1Facility4, 11332, coor
5, District1SubDistrict1Facility5, 8044, coor
6, District1SubDistrict1Facility6, 9640, coor
7, District1SubDistrict1Facility7, 8143, coor
8, District1SubDistrict2Facility1, 8480, coor
9, District1SubDistrict2Facility2, 9480, coor
10, District1SubDistrict2Facility3, 8171, coor
11, District1SubDistrict2Facility4, 8767, coor
12, District1SubDistrict2Facility5, 11343, coor
13, District1SubDistrict2Facility6, 9597, coor
14, District1SubDistrict2Facility7, 11067, coor
15, District1SubDistrict3Facility1, 11639, coor
17, District1SubDistrict3Facility3, 8832, coor
16, District1SubDistrict3Facility2, 10801, coor
19, District1SubDistrict3Facility5, 9741, coor
18, District1SubDistrict3Facility4, 10713, coor
21, District2SubDistrict1Facility1, 8300, coor
20, District1SubDistrict3Facility6, 8428, coor
23, District2SubDistrict1Facility3, 9611, coor
22, District2SubDistrict1Facility2, 9275, coor
25, District2SubDistrict2Facility1, 9203, coor
24, District2SubDistrict1Facility4, 11649, coor
27, District2SubDistrict2Facility3, 8091, coor
26, District2SubDistrict2Facility2, 11423, coor
29, District2SubDistrict2Facility5, 10701, coor
28, District2SubDistrict2Facility4, 10920, coor
31, District2SubDistrict2Facility7, 11482, coor
30, District2SubDistrict2Facility6, 11833, coor
34, District2SubDistrict2Facility10, 9044, coor
35, District2SubDistrict3Facility1, 10187, coor
32, District2SubDistrict2Facility8, 9074, coor
33, District2SubDistrict2Facility9, 9232, coor
38, District2SubDistrict3Facility4, 9421, coor
39, District2SubDistrict3Facility5, 11917, coor
36, District2SubDistrict3Facility2, 9189, coor
37, District2SubDistrict3Facility3, 9786, coor
42, District2SubDistrict3Facility8, 11438, coor
43, District2SubDistrict3Facility9, 9823, coor
40, District2SubDistrict3Facility6, 8344, coor
41, District2SubDistrict3Facility7, 8401, coor
46, District2SubDistrict4Facility3, 11757, coor
47, District2SubDistrict4Facility4, 11994, coor
44, District2SubDistrict4Facility1, 8646, coor
45, District2SubDistrict4Facility2, 11906, coor
51, District2SubDistrict4Facility8, 8194, coor
50, District2SubDistrict4Facility7, 9834, coor
49, District2SubDistrict4Facility6, 10259, coor
48, District2SubDistrict4Facility5, 8501, coor
55, District3SubDistrict1Facility3, 8042, coor
54, District3SubDistrict1Facility2, 11111, coor
53, District3SubDistrict1Facility1, 8494, coor
52, District2SubDistrict4Facility9, 8972, coor
59, District3SubDistrict2Facility1, 11453, coor
58, District3SubDistrict1Facility6, 10967, coor
57, District3SubDistrict1Facility5, 9324, coor
56, District3SubDistrict1Facility4, 10738, coor
63, District3SubDistrict2Facility5, 8581, coor
62, District3SubDistrict2Facility4, 11972, coor
61, District3SubDistrict2Facility3, 8570, coor
60, District3SubDistrict2Facility2, 10093, coor
68, District3SubDistrict3Facility1, 8819, coor
69, District3SubDistrict3Facility2, 10172, coor
70, District3SubDistrict3Facility3, 10899, coor
71, District3SubDistrict3Facility4, 9161, coor
64, District3SubDistrict2Facility6, 8632, coor
65, District3SubDistrict2Facility7, 9819, coor
66, District3SubDistrict2Facility8, 11733, coor
67, District3SubDistrict2Facility9, 9211, coor
76, District3SubDistrict3Facility9, 11652, coor
77, District3SubDistrict3Facility10, 10236, coor
78, District4SubDistrict1Facility1, 11303, coor
79, District4SubDistrict1Facility2, 11679, coor
72, District3SubDistrict3Facility5, 9735, coor
73, District3SubDistrict3Facility6, 9439, coor
74, District3SubDistrict3Facility7, 10553, coor
75, District3SubDistrict3Facility8, 10086, coor
85, District4SubDistrict1Facility8, 8190, coor
84, District4SubDistrict1Facility7, 10793, coor
87, District4SubDistrict1Facility10, 10169, coor
86, District4SubDistrict1Facility9, 9576, coor
81, District4SubDistrict1Facility4, 9895, coor
80, District4SubDistrict1Facility3, 9415, coor
83, District4SubDistrict1Facility6, 10241, coor
82, District4SubDistrict1Facility5, 11551, coor
93, District4SubDistrict3Facility1, 11063, coor
92, District4SubDistrict2Facility5, 8710, coor
95, District4SubDistrict3Facility3, 10519, coor
94, District4SubDistrict3Facility2, 8388, coor
89, District4SubDistrict2Facility2, 10557, coor
88, District4SubDistrict2Facility1, 11998, coor
91, District4SubDistrict2Facility4, 11073, coor
90, District4SubDistrict2Facility3, 10116, coor
102, District4SubDistrict4Facility4, 9902, coor
103, District4SubDistrict4Facility5, 8824, coor
100, District4SubDistrict4Facility2, 10033, coor
101, District4SubDistrict4Facility3, 10960, coor
98, District4SubDistrict3Facility6, 10913, coor
99, District4SubDistrict4Facility1, 8498, coor
96, District4SubDistrict3Facility4, 9178, coor
97, District4SubDistrict3Facility5, 11057, coor
110, District5SubDistrict1Facility2, 9089, coor
111, District5SubDistrict1Facility3, 9837, coor
108, District4SubDistrict4Facility10, 11746, coor
109, District5SubDistrict1Facility1, 8060, coor
106, District4SubDistrict4Facility8, 9535, coor
107, District4SubDistrict4Facility9, 10746, coor
104, District4SubDistrict4Facility6, 8110, coor
105, District4SubDistrict4Facility7, 8711, coor
119, District5SubDistrict3Facility4, 9117, coor
118, District5SubDistrict3Facility3, 8066, coor
117, District5SubDistrict3Facility2, 8715, coor
116, District5SubDistrict3Facility1, 10084, coor
115, District5SubDistrict1Facility7, 10955, coor
114, District5SubDistrict1Facility6, 8317, coor
113, District5SubDistrict1Facility5, 9441, coor
112, District5SubDistrict1Facility4, 11397, coor
127, District6SubDistrict2Facility4, 10070, coor
126, District6SubDistrict2Facility3, 10158, coor
125, District6SubDistrict2Facility2, 11947, coor
124, District6SubDistrict2Facility1, 8595, coor
123, District5SubDistrict2Facility4, 8516, coor
122, District5SubDistrict2Facility3, 8485, coor
121, District5SubDistrict2Facility2, 9766, coor
120, District5SubDistrict2Facility1, 10610, coor
137, District7SubDistrict1Facility1, 8180, coor
136, District6SubDistrict1Facility6, 9719, coor
139, District7SubDistrict1Facility3, 9392, coor
138, District7SubDistrict1Facility2, 11214, coor
141, District7SubDistrict1Facility5, 8219, coor
140, District7SubDistrict1Facility4, 11681, coor
143, District6SubDistrict3Facility1, 11520, coor
142, District7SubDistrict1Facility6, 11224, coor
129, District6SubDistrict2Facility6, 10477, coor
128, District6SubDistrict2Facility5, 11822, coor
131, District6SubDistrict1Facility1, 10364, coor
130, District6SubDistrict2Facility7, 8410, coor
133, District6SubDistrict1Facility3, 8560, coor
132, District6SubDistrict1Facility2, 11929, coor
135, District6SubDistrict1Facility5, 11443, coor
134, District6SubDistrict1Facility4, 11193, coor
152, District6SubDistrict3Facility10, 10205, coor
153, District7SubDistrict3Facility1, 10053, coor
154, District7SubDistrict3Facility2, 11758, coor
155, District7SubDistrict3Facility3, 11076, coor
156, District7SubDistrict3Facility4, 11836, coor
157, District7SubDistrict3Facility5, 10762, coor
158, District7SubDistrict3Facility6, 8509, coor
159, District7SubDistrict3Facility7, 8351, coor
144, District6SubDistrict3Facility2, 8345, coor
145, District6SubDistrict3Facility3, 8148, coor
146, District6SubDistrict3Facility4, 10879, coor
147, District6SubDistrict3Facility5, 8684, coor
148, District6SubDistrict3Facility6, 9578, coor
149, District6SubDistrict3Facility7, 8377, coor
150, District6SubDistrict3Facility8, 10174, coor
151, District6SubDistrict3Facility9, 10919, coor
171, District8SubDistrict1Facility3, 8417, coor
170, District8SubDistrict1Facility2, 11911, coor
169, District8SubDistrict1Facility1, 11309, coor
168, District7SubDistrict2Facility7, 8534, coor
175, District8SubDistrict1Facility7, 10902, coor
174, District8SubDistrict1Facility6, 8229, coor
173, District8SubDistrict1Facility5, 10265, coor
172, District8SubDistrict1Facility4, 10283, coor
163, District7SubDistrict2Facility2, 10151, coor
162, District7SubDistrict2Facility1, 10464, coor
161, District7SubDistrict3Facility9, 8386, coor
160, District7SubDistrict3Facility8, 10188, coor
167, District7SubDistrict2Facility6, 8081, coor
166, District7SubDistrict2Facility5, 8799, coor
165, District7SubDistrict2Facility4, 9427, coor
164, District7SubDistrict2Facility3, 9744, coor
186, District8SubDistrict3Facility2, 11933, coor
187, District8SubDistrict3Facility3, 10608, coor
184, District7SubDistrict4Facility9, 8173, coor
185, District8SubDistrict3Facility1, 9897, coor
190, District8SubDistrict3Facility6, 10170, coor
191, District8SubDistrict3Facility7, 11104, coor
188, District8SubDistrict3Facility4, 11735, coor
189, District8SubDistrict3Facility5, 9147, coor
178, District7SubDistrict4Facility3, 8947, coor
179, District7SubDistrict4Facility4, 10351, coor
176, District7SubDistrict4Facility1, 11198, coor
177, District7SubDistrict4Facility2, 11323, coor
182, District7SubDistrict4Facility7, 11380, coor
183, District7SubDistrict4Facility8, 11928, coor
180, District7SubDistrict4Facility5, 10625, coor
181, District7SubDistrict4Facility6, 8286, coor
205, District9SubDistrict2Facility9, 10518, coor
204, District9SubDistrict2Facility8, 10219, coor
207, District9SubDistrict1Facility1, 9194, coor
206, District9SubDistrict2Facility10, 11277, coor
201, District9SubDistrict2Facility5, 9242, coor
200, District9SubDistrict2Facility4, 8334, coor
203, District9SubDistrict2Facility7, 10375, coor
202, District9SubDistrict2Facility6, 10235, coor
197, District9SubDistrict2Facility1, 11530, coor
196, District8SubDistrict2Facility5, 11398, coor
199, District9SubDistrict2Facility3, 9370, coor
198, District9SubDistrict2Facility2, 11655, coor
193, District8SubDistrict2Facility2, 8734, coor
192, District8SubDistrict2Facility1, 11357, coor
195, District8SubDistrict2Facility4, 10902, coor
194, District8SubDistrict2Facility3, 9397, coor
220, District9SubDistrict3Facility4, 10968, coor
221, District9SubDistrict3Facility5, 10510, coor
222, District9SubDistrict3Facility6, 11697, coor
223, District9SubDistrict3Facility7, 8255, coor
216, District9SubDistrict4Facility5, 9446, coor
217, District9SubDistrict3Facility1, 9300, coor
218, District9SubDistrict3Facility2, 8567, coor
219, District9SubDistrict3Facility3, 10795, coor
212, District9SubDistrict4Facility1, 9874, coor
213, District9SubDistrict4Facility2, 11097, coor
214, District9SubDistrict4Facility3, 9367, coor
215, District9SubDistrict4Facility4, 9419, coor
208, District9SubDistrict1Facility2, 10159, coor
209, District9SubDistrict1Facility3, 9289, coor
210, District9SubDistrict1Facility4, 11695, coor
211, District9SubDistrict1Facility5, 10102, coor
239, District10SubDistrict4Facility3, 9135, coor
238, District10SubDistrict4Facility2, 11327, coor
237, District10SubDistrict4Facility1, 8252, coor
236, District10SubDistrict3Facility10, 8094, coor
235, District10SubDistrict3Facility9, 10685, coor
234, District10SubDistrict3Facility8, 9149, coor
233, District10SubDistrict3Facility7, 10713, coor
232, District10SubDistrict3Facility6, 9936, coor
231, District10SubDistrict3Facility5, 10992, coor
230, District10SubDistrict3Facility4, 9183, coor
229, District10SubDistrict3Facility3, 8224, coor
228, District10SubDistrict3Facility2, 8908, coor
227, District10SubDistrict3Facility1, 11189, coor
226, District9SubDistrict3Facility10, 8770, coor
225, District9SubDistrict3Facility9, 11844, coor
224, District9SubDistrict3Facility8, 8879, coor
254, District11SubDistrict3Facility5, 10972, coor
255, District11SubDistrict3Facility6, 8947, coor
252, District11SubDistrict3Facility3, 8878, coor
253, District11SubDistrict3Facility4, 11445, coor
250, District11SubDistrict3Facility1, 9362, coor
251, District11SubDistrict3Facility2, 10910, coor
248, District10SubDistrict2Facility4, 9053, coor
249, District10SubDistrict2Facility5, 11678, coor
246, District10SubDistrict2Facility2, 9167, coor
247, District10SubDistrict2Facility3, 9228, coor
244, District10SubDistrict1Facility4, 9789, coor
245, District10SubDistrict2Facility1, 10207, coor
242, District10SubDistrict1Facility2, 10340, coor
243, District10SubDistrict1Facility3, 9864, coor
240, District10SubDistrict4Facility4, 8379, coor
241, District10SubDistrict1Facility1, 11722, coor
275, District12SubDistrict4Facility1, 9860, coor
274, District11SubDistrict2Facility5, 8636, coor
273, District11SubDistrict2Facility4, 10891, coor
272, District11SubDistrict2Facility3, 8242, coor
279, District12SubDistrict4Facility5, 9489, coor
278, District12SubDistrict4Facility4, 8085, coor
277, District12SubDistrict4Facility3, 9381, coor
276, District12SubDistrict4Facility2, 11532, coor
283, District13SubDistrict1Facility4, 10003, coor
282, District13SubDistrict1Facility3, 10158, coor
281, District13SubDistrict1Facility2, 11119, coor
280, District13SubDistrict1Facility1, 11751, coor
287, District12SubDistrict2Facility2, 8107, coor
286, District12SubDistrict2Facility1, 8890, coor
285, District13SubDistrict1Facility6, 8854, coor
284, District13SubDistrict1Facility5, 10997, coor
258, District12SubDistrict1Facility2, 8191, coor
259, District12SubDistrict1Facility3, 10454, coor
256, District11SubDistrict3Facility7, 8125, coor
257, District12SubDistrict1Facility1, 10067, coor
262, District11SubDistrict1Facility1, 9324, coor
263, District11SubDistrict1Facility2, 8228, coor
260, District12SubDistrict1Facility4, 9600, coor
261, District12SubDistrict1Facility5, 10769, coor
266, District11SubDistrict1Facility5, 11330, coor
267, District11SubDistrict1Facility6, 10864, coor
264, District11SubDistrict1Facility3, 8885, coor
265, District11SubDistrict1Facility4, 9797, coor
270, District11SubDistrict2Facility1, 9825, coor
271, District11SubDistrict2Facility2, 10180, coor
268, District11SubDistrict1Facility7, 9649, coor
269, District11SubDistrict1Facility8, 11474, coor
305, District13SubDistrict4Facility5, 8215, coor
304, District13SubDistrict4Facility4, 10032, coor
307, District13SubDistrict4Facility7, 10469, coor
306, District13SubDistrict4Facility6, 8331, coor
309, District14SubDistrict1Facility1, 9885, coor
308, District13SubDistrict4Facility8, 11025, coor
311, District14SubDistrict1Facility3, 8457, coor
310, District14SubDistrict1Facility2, 9898, coor
313, District13SubDistrict2Facility1, 8934, coor
312, District14SubDistrict1Facility4, 9663, coor
315, District13SubDistrict2Facility3, 11709, coor
314, District13SubDistrict2Facility2, 9654, coor
317, District13SubDistrict2Facility5, 8211, coor
316, District13SubDistrict2Facility4, 10154, coor
319, District13SubDistrict3Facility1, 11369, coor
318, District13SubDistrict2Facility6, 10994, coor
288, District12SubDistrict2Facility3, 8926, coor
289, District12SubDistrict2Facility4, 8782, coor
290, District12SubDistrict2Facility5, 10149, coor
291, District12SubDistrict3Facility1, 8208, coor
292, District12SubDistrict3Facility2, 11626, coor
293, District12SubDistrict3Facility3, 9758, coor
294, District12SubDistrict3Facility4, 10887, coor
295, District12SubDistrict3Facility5, 8758, coor
296, District12SubDistrict3Facility6, 9272, coor
297, District12SubDistrict3Facility7, 9076, coor
298, District12SubDistrict3Facility8, 10761, coor
299, District12SubDistrict3Facility9, 9471, coor
300, District12SubDistrict3Facility10, 9330, coor
301, District13SubDistrict4Facility1, 8347, coor
302, District13SubDistrict4Facility2, 10912, coor
303, District13SubDistrict4Facility3, 8688, coor
343, District14SubDistrict3Facility5, 9595, coor
342, District14SubDistrict3Facility4, 8757, coor
341, District14SubDistrict3Facility3, 10446, coor
340, District14SubDistrict3Facility2, 9186, coor
339, District14SubDistrict3Facility1, 11840, coor
338, District14SubDistrict4Facility7, 8181, coor
337, District14SubDistrict4Facility6, 10173, coor
336, District14SubDistrict4Facility5, 8736, coor
351, District14SubDistrict2Facility4, 11660, coor
350, District14SubDistrict2Facility3, 11637, coor
349, District14SubDistrict2Facility2, 10610, coor
348, District14SubDistrict2Facility1, 10375, coor
347, District14SubDistrict3Facility9, 11632, coor
346, District14SubDistrict3Facility8, 10574, coor
345, District14SubDistrict3Facility7, 8897, coor
344, District14SubDistrict3Facility6, 10422, coor
326, District15SubDistrict1Facility3, 9059, coor
327, District15SubDistrict1Facility4, 11317, coor
324, District15SubDistrict1Facility1, 9645, coor
325, District15SubDistrict1Facility2, 11522, coor
322, District13SubDistrict3Facility4, 10159, coor
323, District13SubDistrict3Facility5, 11545, coor
320, District13SubDistrict3Facility2, 11570, coor
321, District13SubDistrict3Facility3, 8922, coor
334, District14SubDistrict4Facility3, 8654, coor
335, District14SubDistrict4Facility4, 10324, coor
332, District14SubDistrict4Facility1, 8653, coor
333, District14SubDistrict4Facility2, 9348, coor
330, District15SubDistrict1Facility7, 10511, coor
331, District15SubDistrict1Facility8, 10517, coor
328, District15SubDistrict1Facility5, 8064, coor
329, District15SubDistrict1Facility6, 10168, coor
373, District15SubDistrict3Facility4, 10914, coor
372, District15SubDistrict3Facility3, 10103, coor
375, District15SubDistrict3Facility6, 8972, coor
374, District15SubDistrict3Facility5, 10091, coor
369, District16SubDistrict1Facility10, 11792, coor
368, District16SubDistrict1Facility9, 10333, coor
371, District15SubDistrict3Facility2, 11403, coor
370, District15SubDistrict3Facility1, 10575, coor
381, District15SubDistrict2Facility3, 8939, coor
380, District15SubDistrict2Facility2, 11328, coor
383, District15SubDistrict2Facility5, 9387, coor
382, District15SubDistrict2Facility4, 8675, coor
377, District15SubDistrict3Facility8, 9337, coor
376, District15SubDistrict3Facility7, 10941, coor
379, District15SubDistrict2Facility1, 11156, coor
378, District15SubDistrict3Facility9, 10419, coor
356, District16SubDistrict2Facility1, 10172, coor
357, District16SubDistrict2Facility2, 8412, coor
358, District16SubDistrict2Facility3, 11151, coor
359, District16SubDistrict2Facility4, 11618, coor
352, District14SubDistrict2Facility5, 10809, coor
353, District14SubDistrict2Facility6, 11415, coor
354, District14SubDistrict2Facility7, 11199, coor
355, District14SubDistrict2Facility8, 10464, coor
364, District16SubDistrict1Facility5, 11769, coor
365, District16SubDistrict1Facility6, 10889, coor
366, District16SubDistrict1Facility7, 8903, coor
367, District16SubDistrict1Facility8, 9239, coor
360, District16SubDistrict1Facility1, 9411, coor
361, District16SubDistrict1Facility2, 9713, coor
362, District16SubDistrict1Facility3, 9137, coor
363, District16SubDistrict1Facility4, 11331, coor
410, District16SubDistrict3Facility3, 11585, coor
411, District16SubDistrict3Facility4, 9221, coor
408, District16SubDistrict3Facility1, 8889, coor
409, District16SubDistrict3Facility2, 8763, coor
414, District18SubDistrict2Facility3, 8526, coor
415, District18SubDistrict2Facility4, 11612, coor
412, District18SubDistrict2Facility1, 8129, coor
413, District18SubDistrict2Facility2, 11262, coor
402, District16SubDistrict4Facility3, 11139, coor
403, District16SubDistrict4Facility4, 9451, coor
400, District16SubDistrict4Facility1, 9940, coor
401, District16SubDistrict4Facility2, 10953, coor
406, District16SubDistrict4Facility7, 9539, coor
407, District16SubDistrict4Facility8, 11473, coor
404, District16SubDistrict4Facility5, 11964, coor
405, District16SubDistrict4Facility6, 11976, coor
395, District17SubDistrict1Facility4, 11916, coor
394, District17SubDistrict1Facility3, 9851, coor
393, District17SubDistrict1Facility2, 8098, coor
392, District17SubDistrict1Facility1, 11449, coor
399, District17SubDistrict1Facility8, 11900, coor
398, District17SubDistrict1Facility7, 11581, coor
397, District17SubDistrict1Facility6, 11139, coor
396, District17SubDistrict1Facility5, 8853, coor
387, District15SubDistrict2Facility9, 10360, coor
386, District15SubDistrict2Facility8, 8043, coor
385, District15SubDistrict2Facility7, 11981, coor
384, District15SubDistrict2Facility6, 8702, coor
391, District17SubDistrict2Facility4, 11439, coor
390, District17SubDistrict2Facility3, 10133, coor
389, District17SubDistrict2Facility2, 9744, coor
388, District17SubDistrict2Facility1, 10538, coor
440, District17SubDistrict3Facility8, 11624, coor
441, District20SubDistrict1Facility1, 8385, coor
442, District20SubDistrict1Facility2, 11333, coor
443, District20SubDistrict1Facility3, 9972, coor
444, District20SubDistrict1Facility4, 10196, coor
445, District20SubDistrict1Facility5, 10861, coor
446, District20SubDistrict1Facility6, 11333, coor
447, District20SubDistrict1Facility7, 11983, coor
432, District17SubDistrict4Facility6, 9906, coor
433, District17SubDistrict3Facility1, 8744, coor
434, District17SubDistrict3Facility2, 8431, coor
435, District17SubDistrict3Facility3, 8535, coor
436, District17SubDistrict3Facility4, 10304, coor
437, District17SubDistrict3Facility5, 10315, coor
438, District17SubDistrict3Facility6, 11505, coor
439, District17SubDistrict3Facility7, 11583, coor
425, District18SubDistrict1Facility4, 11158, coor
424, District18SubDistrict1Facility3, 10563, coor
427, District17SubDistrict4Facility1, 11696, coor
426, District18SubDistrict1Facility5, 9538, coor
429, District17SubDistrict4Facility3, 10162, coor
428, District17SubDistrict4Facility2, 9281, coor
431, District17SubDistrict4Facility5, 9424, coor
430, District17SubDistrict4Facility4, 8648, coor
417, District18SubDistrict2Facility6, 11798, coor
416, District18SubDistrict2Facility5, 9600, coor
419, District18SubDistrict2Facility8, 9827, coor
418, District18SubDistrict2Facility7, 11750, coor
421, District18SubDistrict2Facility10, 10021, coor
420, District18SubDistrict2Facility9, 11831, coor
423, District18SubDistrict1Facility2, 10108, coor
422, District18SubDistrict1Facility1, 10791, coor
478, District18SubDistrict3Facility4, 10395, coor
479, District19SubDistrict1Facility1, 8998, coor
476, District18SubDistrict3Facility2, 9299, coor
477, District18SubDistrict3Facility3, 8271, coor
474, District20SubDistrict4Facility8, 10862, coor
475, District18SubDistrict3Facility1, 10444, coor
472, District20SubDistrict4Facility6, 9562, coor
473, District20SubDistrict4Facility7, 8866, coor
470, District20SubDistrict4Facility4, 11363, coor
471, District20SubDistrict4Facility5, 10333, coor
468, District20SubDistrict4Facility2, 9885, coor
469, District20SubDistrict4Facility3, 9066, coor
466, District20SubDistrict3Facility9, 10794, coor
467, District20SubDistrict4Facility1, 9664, coor
464, District20SubDistrict3Facility7, 8506, coor
465, District20SubDistrict3Facility8, 10092, coor
463, District20SubDistrict3Facility6, 8282, coor
462, District20SubDistrict3Facility5, 11816, coor
461, District20SubDistrict3Facility4, 9913, coor
460, District20SubDistrict3Facility3, 9926, coor
459, District20SubDistrict3Facility2, 10385, coor
458, District20SubDistrict3Facility1, 9598, coor
457, District20SubDistrict2Facility10, 10688, coor
456, District20SubDistrict2Facility9, 9487, coor
455, District20SubDistrict2Facility8, 9471, coor
454, District20SubDistrict2Facility7, 9838, coor
453, District20SubDistrict2Facility6, 8625, coor
452, District20SubDistrict2Facility5, 8547, coor
451, District20SubDistrict2Facility4, 9315, coor
450, District20SubDistrict2Facility3, 10300, coor
449, District20SubDistrict2Facility2, 9720, coor
448, District20SubDistrict2Facility1, 9907, coor
508, District23SubDistrict1Facility4, 11731, coor
509, District23SubDistrict1Facility5, 11434, coor
510, District23SubDistrict2Facility1, 9551, coor
511, District23SubDistrict2Facility2, 9913, coor
504, District22SubDistrict3Facility8, 8538, coor
505, District23SubDistrict1Facility1, 9617, coor
506, District23SubDistrict1Facility2, 11665, coor
507, District23SubDistrict1Facility3, 8845, coor
500, District22SubDistrict3Facility4, 8080, coor
501, District22SubDistrict3Facility5, 11387, coor
502, District22SubDistrict3Facility6, 9316, coor
503, District22SubDistrict3Facility7, 11077, coor
496, District19SubDistrict3Facility5, 8744, coor
497, District22SubDistrict3Facility1, 10284, coor
498, District22SubDistrict3Facility2, 10799, coor
499, District22SubDistrict3Facility3, 8914, coor
493, District19SubDistrict3Facility2, 8630, coor
492, District19SubDistrict3Facility1, 9885, coor
495, District19SubDistrict3Facility4, 11565, coor
494, District19SubDistrict3Facility3, 9877, coor
489, District19SubDistrict2Facility4, 11862, coor
488, District19SubDistrict2Facility3, 8830, coor
491, District19SubDistrict2Facility6, 9319, coor
490, District19SubDistrict2Facility5, 8206, coor
485, District19SubDistrict1Facility7, 8712, coor
484, District19SubDistrict1Facility6, 11080, coor
487, District19SubDistrict2Facility2, 10458, coor
486, District19SubDistrict2Facility1, 10511, coor
481, District19SubDistrict1Facility3, 8804, coor
480, District19SubDistrict1Facility2, 9179, coor
483, District19SubDistrict1Facility5, 9386, coor
482, District19SubDistrict1Facility4, 11864, coor
550, District25SubDistrict2Facility5, 9331, coor
551, District25SubDistrict2Facility6, 8144, coor
548, District25SubDistrict2Facility3, 10484, coor
549, District25SubDistrict2Facility4, 10327, coor
546, District25SubDistrict2Facility1, 11667, coor
547, District25SubDistrict2Facility2, 8818, coor
544, District22SubDistrict2Facility4, 9649, coor
545, District22SubDistrict2Facility5, 9280, coor
558, District25SubDistrict1Facility6, 11656, coor
559, District25SubDistrict1Facility7, 10972, coor
556, District25SubDistrict1Facility4, 10980, coor
557, District25SubDistrict1Facility5, 10505, coor
554, District25SubDistrict1Facility2, 9254, coor
555, District25SubDistrict1Facility3, 10394, coor
552, District25SubDistrict2Facility7, 11068, coor
553, District25SubDistrict1Facility1, 10356, coor
567, District26SubDistrict2Facility6, 11091, coor
566, District26SubDistrict2Facility5, 11809, coor
565, District26SubDistrict2Facility4, 9964, coor
564, District26SubDistrict2Facility3, 10402, coor
563, District26SubDistrict2Facility2, 11609, coor
562, District26SubDistrict2Facility1, 11341, coor
561, District25SubDistrict1Facility9, 9503, coor
560, District25SubDistrict1Facility8, 8693, coor
575, District24SubDistrict2Facility2, 9296, coor
574, District24SubDistrict2Facility1, 11262, coor
573, District26SubDistrict1Facility4, 8732, coor
572, District26SubDistrict1Facility3, 8948, coor
571, District26SubDistrict1Facility2, 10854, coor
570, District26SubDistrict1Facility1, 8240, coor
569, District26SubDistrict2Facility8, 10179, coor
568, District26SubDistrict2Facility7, 11737, coor
516, District23SubDistrict3Facility1, 10191, coor
517, District23SubDistrict3Facility2, 8264, coor
518, District23SubDistrict3Facility3, 10130, coor
519, District23SubDistrict3Facility4, 8243, coor
512, District23SubDistrict2Facility3, 11822, coor
513, District23SubDistrict2Facility4, 11796, coor
514, District23SubDistrict2Facility5, 10812, coor
515, District23SubDistrict2Facility6, 9312, coor
524, District21SubDistrict1Facility1, 8807, coor
525, District21SubDistrict1Facility2, 8094, coor
526, District21SubDistrict1Facility3, 11619, coor
527, District21SubDistrict1Facility4, 11463, coor
520, District23SubDistrict3Facility5, 8922, coor
521, District23SubDistrict3Facility6, 8193, coor
522, District23SubDistrict3Facility7, 11517, coor
523, District23SubDistrict3Facility8, 10037, coor
533, District21SubDistrict2Facility1, 10032, coor
532, District21SubDistrict1Facility9, 8793, coor
535, District21SubDistrict2Facility3, 9115, coor
534, District21SubDistrict2Facility2, 11440, coor
529, District21SubDistrict1Facility6, 9465, coor
528, District21SubDistrict1Facility5, 8220, coor
531, District21SubDistrict1Facility8, 8686, coor
530, District21SubDistrict1Facility7, 9272, coor
541, District22SubDistrict2Facility1, 10028, coor
540, District22SubDistrict1Facility4, 9181, coor
543, District22SubDistrict2Facility3, 8302, coor
542, District22SubDistrict2Facility2, 11800, coor
537, District22SubDistrict1Facility1, 10137, coor
536, District21SubDistrict2Facility4, 8822, coor
539, District22SubDistrict1Facility3, 9244, coor
538, District22SubDistrict1Facility2, 8341, coor
610, District28SubDistrict2Facility3, 11743, coor
611, District28SubDistrict2Facility4, 9643, coor
608, District28SubDistrict2Facility1, 8328, coor
609, District28SubDistrict2Facility2, 8463, coor
614, District28SubDistrict2Facility7, 8831, coor
615, District28SubDistrict2Facility8, 11732, coor
612, District28SubDistrict2Facility5, 10351, coor
613, District28SubDistrict2Facility6, 8946, coor
618, District29SubDistrict3Facility3, 10424, coor
619, District29SubDistrict3Facility4, 9036, coor
616, District29SubDistrict3Facility1, 9474, coor
617, District29SubDistrict3Facility2, 9682, coor
622, District29SubDistrict3Facility7, 8758, coor
623, District29SubDistrict3Facility8, 10964, coor
620, District29SubDistrict3Facility5, 9742, coor
621, District29SubDistrict3Facility6, 8685, coor
627, District29SubDistrict2Facility2, 11626, coor
626, District29SubDistrict2Facility1, 9469, coor
625, District29SubDistrict3Facility10, 9837, coor
624, District29SubDistrict3Facility9, 8030, coor
631, District27SubDistrict2Facility2, 10343, coor
630, District27SubDistrict2Facility1, 10170, coor
629, District29SubDistrict2Facility4, 10620, coor
628, District29SubDistrict2Facility3, 9859, coor
635, District27SubDistrict1Facility1, 11000, coor
634, District27SubDistrict2Facility5, 8448, coor
633, District27SubDistrict2Facility4, 8466, coor
632, District27SubDistrict2Facility3, 10492, coor
639, District27SubDistrict1Facility5, 10040, coor
638, District27SubDistrict1Facility4, 11307, coor
637, District27SubDistrict1Facility3, 10666, coor
636, District27SubDistrict1Facility2, 9366, coor
576, District24SubDistrict2Facility3, 10848, coor
577, District24SubDistrict2Facility4, 9286, coor
578, District24SubDistrict2Facility5, 8847, coor
579, District24SubDistrict2Facility6, 10732, coor
580, District24SubDistrict2Facility7, 9060, coor
581, District24SubDistrict2Facility8, 10854, coor
582, District24SubDistrict2Facility9, 10310, coor
583, District24SubDistrict1Facility1, 10073, coor
584, District24SubDistrict1Facility2, 9222, coor
585, District24SubDistrict1Facility3, 9761, coor
586, District24SubDistrict1Facility4, 8894, coor
587, District24SubDistrict1Facility5, 10772, coor
588, District24SubDistrict4Facility1, 11525, coor
589, District24SubDistrict4Facility2, 11071, coor
590, District24SubDistrict4Facility3, 10238, coor
591, District24SubDistrict4Facility4, 8769, coor
593, District24SubDistrict4Facility6, 11537, coor
592, District24SubDistrict4Facility5, 8216, coor
595, District24SubDistrict3Facility2, 8616, coor
594, District24SubDistrict3Facility1, 10074, coor
597, District24SubDistrict3Facility4, 10893, coor
596, District24SubDistrict3Facility3, 8365, coor
599, District29SubDistrict1Facility2, 8764, coor
598, District29SubDistrict1Facility1, 11203, coor
601, District29SubDistrict1Facility4, 10277, coor
600, District29SubDistrict1Facility3, 9666, coor
603, District29SubDistrict1Facility6, 8483, coor
602, District29SubDistrict1Facility5, 8884, coor
605, District29SubDistrict1Facility8, 11114, coor
604, District29SubDistrict1Facility7, 10757, coor
607, District29SubDistrict1Facility10, 10677, coor
606, District29SubDistrict1Facility9, 10042, coor
687, District31SubDistrict2Facility2, 11607, coor
686, District31SubDistrict2Facility1, 11061, coor
685, District31SubDistrict1Facility6, 8751, coor
684, District31SubDistrict1Facility5, 9447, coor
683, District31SubDistrict1Facility4, 11375, coor
682, District31SubDistrict1Facility3, 11666, coor
681, District31SubDistrict1Facility2, 11063, coor
680, District31SubDistrict1Facility1, 11748, coor
679, District32SubDistrict2Facility8, 10737, coor
678, District32SubDistrict2Facility7, 11294, coor
677, District32SubDistrict2Facility6, 11486, coor
676, District32SubDistrict2Facility5, 10587, coor
675, District32SubDistrict2Facility4, 8211, coor
674, District32SubDistrict2Facility3, 11813, coor
673, District32SubDistrict2Facility2, 10192, coor
672, District32SubDistrict2Facility1, 11956, coor
702, District30SubDistrict3Facility7, 8097, coor
703, District29SubDistrict4Facility1, 10067, coor
700, District30SubDistrict3Facility5, 9499, coor
701, District30SubDistrict3Facility6, 8891, coor
698, District30SubDistrict3Facility3, 9501, coor
699, District30SubDistrict3Facility4, 9163, coor
696, District30SubDistrict3Facility1, 10552, coor
697, District30SubDistrict3Facility2, 9869, coor
694, District30SubDistrict2Facility4, 10649, coor
695, District30SubDistrict2Facility5, 10408, coor
692, District30SubDistrict2Facility2, 9411, coor
693, District30SubDistrict2Facility3, 11418, coor
690, District31SubDistrict2Facility5, 11219, coor
691, District30SubDistrict2Facility1, 8590, coor
688, District31SubDistrict2Facility3, 8816, coor
689, District31SubDistrict2Facility4, 10105, coor
653, District27SubDistrict3Facility1, 8643, coor
652, District28SubDistrict1Facility8, 9239, coor
655, District27SubDistrict3Facility3, 8461, coor
654, District27SubDistrict3Facility2, 10001, coor
649, District28SubDistrict1Facility5, 10623, coor
648, District28SubDistrict1Facility4, 8218, coor
651, District28SubDistrict1Facility7, 8721, coor
650, District28SubDistrict1Facility6, 11793, coor
645, District28SubDistrict1Facility1, 9634, coor
644, District27SubDistrict1Facility10, 9427, coor
647, District28SubDistrict1Facility3, 10460, coor
646, District28SubDistrict1Facility2, 10413, coor
641, District27SubDistrict1Facility7, 8215, coor
640, District27SubDistrict1Facility6, 9981, coor
643, District27SubDistrict1Facility9, 9116, coor
642, District27SubDistrict1Facility8, 10484, coor
668, District32SubDistrict1Facility7, 8460, coor
669, District32SubDistrict1Facility8, 10714, coor
670, District32SubDistrict1Facility9, 9401, coor
671, District32SubDistrict1Facility10, 8812, coor
664, District32SubDistrict1Facility3, 11250, coor
665, District32SubDistrict1Facility4, 11736, coor
666, District32SubDistrict1Facility5, 10878, coor
667, District32SubDistrict1Facility6, 8962, coor
660, District27SubDistrict3Facility8, 9504, coor
661, District27SubDistrict3Facility9, 9050, coor
662, District32SubDistrict1Facility1, 9728, coor
663, District32SubDistrict1Facility2, 11537, coor
656, District27SubDistrict3Facility4, 10824, coor
657, District27SubDistrict3Facility5, 9704, coor
658, District27SubDistrict3Facility6, 9788, coor
659, District27SubDistrict3Facility7, 11606, coor
747, District33SubDistrict1Facility3, 11754, coor
746, District33SubDistrict1Facility2, 11136, coor
745, District33SubDistrict1Facility1, 11956, coor
744, District34SubDistrict1Facility10, 9421, coor
751, District33SubDistrict2Facility1, 9176, coor
750, District33SubDistrict1Facility6, 10829, coor
749, District33SubDistrict1Facility5, 10543, coor
748, District33SubDistrict1Facility4, 8826, coor
739, District34SubDistrict1Facility5, 11726, coor
738, District34SubDistrict1Facility4, 8643, coor
737, District34SubDistrict1Facility3, 8613, coor
736, District34SubDistrict1Facility2, 8829, coor
743, District34SubDistrict1Facility9, 10300, coor
742, District34SubDistrict1Facility8, 11571, coor
741, District34SubDistrict1Facility7, 10574, coor
740, District34SubDistrict1Facility6, 9200, coor
762, District32SubDistrict3Facility2, 8064, coor
763, District32SubDistrict3Facility3, 8327, coor
760, District33SubDistrict2Facility10, 8111, coor
761, District32SubDistrict3Facility1, 11044, coor
766, District32SubDistrict3Facility6, 9303, coor
767, District32SubDistrict3Facility7, 11884, coor
764, District32SubDistrict3Facility4, 10133, coor
765, District32SubDistrict3Facility5, 11491, coor
754, District33SubDistrict2Facility4, 8247, coor
755, District33SubDistrict2Facility5, 9147, coor
752, District33SubDistrict2Facility2, 8922, coor
753, District33SubDistrict2Facility3, 8040, coor
758, District33SubDistrict2Facility8, 11447, coor
759, District33SubDistrict2Facility9, 9441, coor
756, District33SubDistrict2Facility6, 11285, coor
757, District33SubDistrict2Facility7, 8779, coor
713, District30SubDistrict1Facility2, 10028, coor
712, District30SubDistrict1Facility1, 9404, coor
715, District30SubDistrict1Facility4, 9493, coor
714, District30SubDistrict1Facility3, 10384, coor
717, District30SubDistrict1Facility6, 8877, coor
716, District30SubDistrict1Facility5, 10447, coor
719, District34SubDistrict2Facility2, 9746, coor
718, District34SubDistrict2Facility1, 8772, coor
705, District29SubDistrict4Facility3, 8935, coor
704, District29SubDistrict4Facility2, 10775, coor
707, District29SubDistrict4Facility5, 10815, coor
706, District29SubDistrict4Facility4, 9083, coor
709, District29SubDistrict4Facility7, 9613, coor
708, District29SubDistrict4Facility6, 10355, coor
711, District29SubDistrict4Facility9, 9902, coor
710, District29SubDistrict4Facility8, 10945, coor
728, District34SubDistrict3Facility4, 10371, coor
729, District34SubDistrict3Facility5, 8682, coor
730, District34SubDistrict3Facility6, 9187, coor
731, District33SubDistrict3Facility1, 8733, coor
732, District33SubDistrict3Facility2, 10348, coor
733, District33SubDistrict3Facility3, 9151, coor
734, District33SubDistrict3Facility4, 11260, coor
735, District34SubDistrict1Facility1, 8390, coor
720, District34SubDistrict2Facility3, 9930, coor
721, District34SubDistrict2Facility4, 10906, coor
722, District34SubDistrict2Facility5, 8504, coor
723, District34SubDistrict2Facility6, 11894, coor
724, District34SubDistrict2Facility7, 9065, coor
725, District34SubDistrict3Facility1, 10735, coor
726, District34SubDistrict3Facility2, 10877, coor
727, District34SubDistrict3Facility3, 11152, coor
821, District35SubDistrict2Facility8, 11529, coor
820, District35SubDistrict2Facility7, 9424, coor
823, District35SubDistrict1Facility1, 9753, coor
822, District35SubDistrict2Facility9, 10407, coor
817, District35SubDistrict2Facility4, 8511, coor
816, District35SubDistrict2Facility3, 9596, coor
819, District35SubDistrict2Facility6, 11377, coor
818, District35SubDistrict2Facility5, 9674, coor
829, District34SubDistrict4Facility3, 10528, coor
828, District34SubDistrict4Facility2, 8580, coor
831, District34SubDistrict4Facility5, 9168, coor
830, District34SubDistrict4Facility4, 9699, coor
825, District35SubDistrict1Facility3, 9484, coor
824, District35SubDistrict1Facility2, 8331, coor
827, District34SubDistrict4Facility1, 11543, coor
826, District35SubDistrict1Facility4, 11156, coor
804, District36SubDistrict1Facility10, 9352, coor
805, District35SubDistrict3Facility1, 11189, coor
806, District35SubDistrict3Facility2, 10975, coor
807, District35SubDistrict3Facility3, 11031, coor
800, District36SubDistrict1Facility6, 9543, coor
801, District36SubDistrict1Facility7, 9929, coor
802, District36SubDistrict1Facility8, 11167, coor
803, District36SubDistrict1Facility9, 8455, coor
812, District35SubDistrict3Facility8, 11678, coor
813, District35SubDistrict3Facility9, 11596, coor
814, District35SubDistrict2Facility1, 8623, coor
815, District35SubDistrict2Facility2, 8604, coor
808, District35SubDistrict3Facility4, 11944, coor
809, District35SubDistrict3Facility5, 10006, coor
810, District35SubDistrict3Facility6, 10484, coor
811, District35SubDistrict3Facility7, 11818, coor
791, District36SubDistrict2Facility3, 10078, coor
790, District36SubDistrict2Facility2, 9620, coor
789, District36SubDistrict2Facility1, 10836, coor
788, District36SubDistrict3Facility4, 11711, coor
787, District36SubDistrict3Facility3, 10069, coor
786, District36SubDistrict3Facility2, 11119, coor
785, District36SubDistrict3Facility1, 8878, coor
784, District37SubDistrict1Facility8, 8752, coor
799, District36SubDistrict1Facility5, 10183, coor
798, District36SubDistrict1Facility4, 8239, coor
797, District36SubDistrict1Facility3, 10348, coor
796, District36SubDistrict1Facility2, 8079, coor
795, District36SubDistrict1Facility1, 10745, coor
794, District36SubDistrict2Facility6, 8890, coor
793, District36SubDistrict2Facility5, 8306, coor
792, District36SubDistrict2Facility4, 8561, coor
774, District32SubDistrict4Facility6, 11871, coor
775, District32SubDistrict4Facility7, 10752, coor
772, District32SubDistrict4Facility4, 9242, coor
773, District32SubDistrict4Facility5, 11827, coor
770, District32SubDistrict4Facility2, 11346, coor
771, District32SubDistrict4Facility3, 9863, coor
768, District32SubDistrict3Facility8, 10443, coor
769, District32SubDistrict4Facility1, 11659, coor
782, District37SubDistrict1Facility6, 11903, coor
783, District37SubDistrict1Facility7, 11603, coor
780, District37SubDistrict1Facility4, 10821, coor
781, District37SubDistrict1Facility5, 8509, coor
778, District37SubDistrict1Facility2, 8334, coor
779, District37SubDistrict1Facility3, 11424, coor
776, District32SubDistrict4Facility8, 10108, coor
777, District37SubDistrict1Facility1, 9277, coor
881, District37SubDistrict2Facility1, 10118, coor
880, District37SubDistrict3Facility6, 10691, coor
883, District37SubDistrict2Facility3, 11264, coor
882, District37SubDistrict2Facility2, 10260, coor
885, District42SubDistrict3Facility1, 10858, coor
884, District37SubDistrict2Facility4, 9498, coor
887, District42SubDistrict3Facility3, 10623, coor
886, District42SubDistrict3Facility2, 11058, coor
889, District42SubDistrict3Facility5, 8971, coor
888, District42SubDistrict3Facility4, 9503, coor
891, District42SubDistrict3Facility7, 11239, coor
890, District42SubDistrict3Facility6, 8752, coor
893, District42SubDistrict2Facility1, 8721, coor
892, District42SubDistrict3Facility8, 11803, coor
895, District42SubDistrict2Facility3, 11009, coor
894, District42SubDistrict2Facility2, 8713, coor
864, District38SubDistrict2Facility9, 10839, coor
865, District38SubDistrict2Facility10, 11108, coor
866, District38SubDistrict1Facility1, 10331, coor
867, District38SubDistrict1Facility2, 11829, coor
868, District38SubDistrict1Facility3, 10763, coor
869, District38SubDistrict1Facility4, 10810, coor
870, District38SubDistrict1Facility5, 9070, coor
871, District38SubDistrict1Facility6, 8740, coor
872, District38SubDistrict1Facility7, 10836, coor
873, District38SubDistrict1Facility8, 11922, coor
874, District38SubDistrict1Facility9, 11665, coor
875, District37SubDistrict3Facility1, 11892, coor
876, District37SubDistrict3Facility2, 8069, coor
877, District37SubDistrict3Facility3, 11378, coor
878, District37SubDistrict3Facility4, 9330, coor
879, District37SubDistrict3Facility5, 11185, coor
851, District38SubDistrict3Facility3, 8538, coor
850, District38SubDistrict3Facility2, 9767, coor
849, District38SubDistrict3Facility1, 8901, coor
848, District38SubDistrict4Facility6, 10177, coor
855, District38SubDistrict3Facility7, 9517, coor
854, District38SubDistrict3Facility6, 9449, coor
853, District38SubDistrict3Facility5, 8412, coor
852, District38SubDistrict3Facility4, 9468, coor
859, District38SubDistrict2Facility4, 10546, coor
858, District38SubDistrict2Facility3, 11489, coor
857, District38SubDistrict2Facility2, 10567, coor
856, District38SubDistrict2Facility1, 10452, coor
863, District38SubDistrict2Facility8, 8125, coor
862, District38SubDistrict2Facility7, 11159, coor
861, District38SubDistrict2Facility6, 9482, coor
860, District38SubDistrict2Facility5, 9776, coor
834, District39SubDistrict2Facility3, 8802, coor
835, District39SubDistrict2Facility4, 10711, coor
832, District39SubDistrict2Facility1, 8254, coor
833, District39SubDistrict2Facility2, 11868, coor
838, District39SubDistrict1Facility2, 11011, coor
839, District39SubDistrict1Facility3, 11981, coor
836, District39SubDistrict2Facility5, 10988, coor
837, District39SubDistrict1Facility1, 10730, coor
842, District39SubDistrict1Facility6, 10578, coor
843, District38SubDistrict4Facility1, 8619, coor
840, District39SubDistrict1Facility4, 8725, coor
841, District39SubDistrict1Facility5, 11849, coor
846, District38SubDistrict4Facility4, 8908, coor
847, District38SubDistrict4Facility5, 10202, coor
844, District38SubDistrict4Facility2, 8606, coor
845, District38SubDistrict4Facility3, 11687, coor
956, District40SubDistrict2Facility6, 8017, coor
957, District40SubDistrict2Facility7, 9306, coor
958, District40SubDistrict2Facility8, 11524, coor
959, District40SubDistrict1Facility1, 11539, coor
952, District40SubDistrict2Facility2, 10981, coor
953, District40SubDistrict2Facility3, 8906, coor
954, District40SubDistrict2Facility4, 9385, coor
955, District40SubDistrict2Facility5, 8094, coor
948, District39SubDistrict3Facility6, 11502, coor
949, District39SubDistrict3Facility7, 11018, coor
950, District39SubDistrict3Facility8, 10294, coor
951, District40SubDistrict2Facility1, 8765, coor
944, District39SubDistrict3Facility2, 11444, coor
945, District39SubDistrict3Facility3, 10010, coor
946, District39SubDistrict3Facility4, 9777, coor
947, District39SubDistrict3Facility5, 9925, coor
941, District39SubDistrict4Facility4, 11211, coor
940, District39SubDistrict4Facility3, 11719, coor
943, District39SubDistrict3Facility1, 11967, coor
942, District39SubDistrict4Facility5, 11542, coor
937, District44SubDistrict3Facility4, 8153, coor
936, District44SubDistrict3Facility3, 9837, coor
939, District39SubDistrict4Facility2, 10990, coor
938, District39SubDistrict4Facility1, 10930, coor
933, District44SubDistrict4Facility5, 10297, coor
932, District44SubDistrict4Facility4, 10354, coor
935, District44SubDistrict3Facility2, 8315, coor
934, District44SubDistrict3Facility1, 10889, coor
929, District44SubDistrict4Facility1, 10242, coor
928, District44SubDistrict1Facility4, 8675, coor
931, District44SubDistrict4Facility3, 8524, coor
930, District44SubDistrict4Facility2, 10635, coor
926, District44SubDistrict1Facility2, 9861, coor
927, District44SubDistrict1Facility3, 8713, coor
924, District44SubDistrict2Facility9, 9860, coor
925, District44SubDistrict1Facility1, 11556, coor
922, District44SubDistrict2Facility7, 8594, coor
923, District44SubDistrict2Facility8, 9267, coor
920, District44SubDistrict2Facility5, 8822, coor
921, District44SubDistrict2Facility6, 9382, coor
918, District44SubDistrict2Facility3, 8693, coor
919, District44SubDistrict2Facility4, 10632, coor
916, District44SubDistrict2Facility1, 10439, coor
917, District44SubDistrict2Facility2, 9589, coor
914, District43SubDistrict1Facility7, 9930, coor
915, District43SubDistrict1Facility8, 9959, coor
912, District43SubDistrict1Facility5, 11844, coor
913, District43SubDistrict1Facility6, 9327, coor
911, District43SubDistrict1Facility4, 9022, coor
910, District43SubDistrict1Facility3, 8448, coor
909, District43SubDistrict1Facility2, 9301, coor
908, District43SubDistrict1Facility1, 10000, coor
907, District43SubDistrict2Facility9, 10704, coor
906, District43SubDistrict2Facility8, 10354, coor
905, District43SubDistrict2Facility7, 8326, coor
904, District43SubDistrict2Facility6, 9178, coor
903, District43SubDistrict2Facility5, 10030, coor
902, District43SubDistrict2Facility4, 10658, coor
901, District43SubDistrict2Facility3, 10656, coor
900, District43SubDistrict2Facility2, 11622, coor
899, District43SubDistrict2Facility1, 9384, coor
898, District42SubDistrict2Facility6, 8141, coor
897, District42SubDistrict2Facility5, 8471, coor
896, District42SubDistrict2Facility4, 10391, coor
1016, District48SubDistrict2Facility4, 8909, coor
1017, District48SubDistrict2Facility5, 9630, coor
1018, District48SubDistrict2Facility6, 8084, coor
1019, District48SubDistrict2Facility7, 10005, coor
1020, District48SubDistrict2Facility8, 11014, coor
1021, District48SubDistrict3Facility1, 9310, coor
1022, District48SubDistrict3Facility2, 11084, coor
1023, District48SubDistrict3Facility3, 11542, coor
1008, District48SubDistrict1Facility6, 10057, coor
1009, District48SubDistrict1Facility7, 8584, coor
1010, District48SubDistrict1Facility8, 8968, coor
1011, District48SubDistrict1Facility9, 10521, coor
1012, District48SubDistrict1Facility10, 8476, coor
1013, District48SubDistrict2Facility1, 9107, coor
1014, District48SubDistrict2Facility2, 11381, coor
1015, District48SubDistrict2Facility3, 10464, coor
1001, District47SubDistrict3Facility6, 8091, coor
1000, District47SubDistrict3Facility5, 9123, coor
1003, District48SubDistrict1Facility1, 8353, coor
1002, District47SubDistrict3Facility7, 8804, coor
1005, District48SubDistrict1Facility3, 8363, coor
1004, District48SubDistrict1Facility2, 9654, coor
1007, District48SubDistrict1Facility5, 9896, coor
1006, District48SubDistrict1Facility4, 8953, coor
993, District41SubDistrict3Facility8, 8903, coor
992, District41SubDistrict3Facility7, 10952, coor
995, District41SubDistrict3Facility10, 11390, coor
994, District41SubDistrict3Facility9, 11031, coor
997, District47SubDistrict3Facility2, 11010, coor
996, District47SubDistrict3Facility1, 9566, coor
999, District47SubDistrict3Facility4, 8748, coor
998, District47SubDistrict3Facility3, 10541, coor
986, District41SubDistrict3Facility1, 8325, coor
987, District41SubDistrict3Facility2, 11226, coor
984, District42SubDistrict1Facility9, 8071, coor
985, District42SubDistrict1Facility10, 10993, coor
990, District41SubDistrict3Facility5, 9169, coor
991, District41SubDistrict3Facility6, 8188, coor
988, District41SubDistrict3Facility3, 9602, coor
989, District41SubDistrict3Facility4, 11136, coor
978, District42SubDistrict1Facility3, 10764, coor
979, District42SubDistrict1Facility4, 9427, coor
976, District42SubDistrict1Facility1, 9993, coor
977, District42SubDistrict1Facility2, 11628, coor
982, District42SubDistrict1Facility7, 9445, coor
983, District42SubDistrict1Facility8, 9474, coor
980, District42SubDistrict1Facility5, 9093, coor
981, District42SubDistrict1Facility6, 11977, coor
971, District41SubDistrict1Facility3, 8973, coor
970, District41SubDistrict1Facility2, 10159, coor
969, District41SubDistrict1Facility1, 10087, coor
968, District41SubDistrict2Facility4, 11073, coor
975, District41SubDistrict1Facility7, 8832, coor
974, District41SubDistrict1Facility6, 11025, coor
973, District41SubDistrict1Facility5, 9588, coor
972, District41SubDistrict1Facility4, 8376, coor
963, District40SubDistrict1Facility5, 10856, coor
962, District40SubDistrict1Facility4, 9204, coor
961, District40SubDistrict1Facility3, 9214, coor
960, District40SubDistrict1Facility2, 10641, coor
967, District41SubDistrict2Facility3, 10121, coor
966, District41SubDistrict2Facility2, 10410, coor
965, District41SubDistrict2Facility1, 11707, coor
964, District40SubDistrict1Facility6, 9612, coor
1100, District47SubDistrict2Facility1, 10962, coor
1101, District47SubDistrict2Facility2, 11857, coor
1102, District47SubDistrict2Facility3, 8897, coor
1103, District47SubDistrict2Facility4, 10769, coor
1096, District47SubDistrict1Facility5, 10178, coor
1097, District47SubDistrict1Facility6, 8099, coor
1098, District47SubDistrict1Facility7, 8488, coor
1099, District47SubDistrict1Facility8, 11979, coor
1092, District47SubDistrict1Facility1, 11453, coor
1093, District47SubDistrict1Facility2, 8924, coor
1094, District47SubDistrict1Facility3, 10496, coor
1095, District47SubDistrict1Facility4, 9031, coor
1088, District46SubDistrict4Facility7, 8201, coor
1089, District46SubDistrict4Facility8, 10981, coor
1090, District46SubDistrict4Facility9, 9555, coor
1091, District46SubDistrict4Facility10, 8441, coor
1117, District54SubDistrict1Facility1, 8072, coor
1116, District54SubDistrict2Facility10, 8474, coor
1119, District54SubDistrict1Facility3, 9270, coor
1118, District54SubDistrict1Facility2, 9292, coor
1113, District54SubDistrict2Facility7, 8851, coor
1112, District54SubDistrict2Facility6, 11031, coor
1115, District54SubDistrict2Facility9, 11419, coor
1114, District54SubDistrict2Facility8, 9170, coor
1109, District54SubDistrict2Facility3, 11708, coor
1108, District54SubDistrict2Facility2, 8798, coor
1111, District54SubDistrict2Facility5, 9496, coor
1110, District54SubDistrict2Facility4, 10613, coor
1105, District47SubDistrict2Facility6, 9955, coor
1104, District47SubDistrict2Facility5, 8063, coor
1107, District54SubDistrict2Facility1, 8146, coor
1106, District47SubDistrict2Facility7, 8721, coor
1134, District53SubDistrict2Facility9, 9177, coor
1135, District53SubDistrict2Facility10, 10930, coor
1132, District53SubDistrict2Facility7, 8864, coor
1133, District53SubDistrict2Facility8, 10591, coor
1130, District53SubDistrict2Facility5, 9515, coor
1131, District53SubDistrict2Facility6, 10761, coor
1128, District53SubDistrict2Facility3, 8634, coor
1129, District53SubDistrict2Facility4, 11560, coor
1126, District53SubDistrict2Facility1, 9384, coor
1127, District53SubDistrict2Facility2, 11943, coor
1124, District53SubDistrict3Facility3, 10286, coor
1125, District53SubDistrict3Facility4, 8783, coor
1122, District53SubDistrict3Facility1, 9782, coor
1123, District53SubDistrict3Facility2, 10520, coor
1120, District54SubDistrict1Facility4, 11500, coor
1121, District54SubDistrict1Facility5, 8435, coor
1151, District55SubDistrict2Facility8, 11732, coor
1150, District55SubDistrict2Facility7, 10363, coor
1149, District55SubDistrict2Facility6, 11019, coor
1148, District55SubDistrict2Facility5, 9029, coor
1147, District55SubDistrict2Facility4, 11843, coor
1146, District55SubDistrict2Facility3, 9648, coor
1145, District55SubDistrict2Facility2, 9526, coor
1144, District55SubDistrict2Facility1, 10768, coor
1143, District56SubDistrict1Facility8, 11190, coor
1142, District56SubDistrict1Facility7, 8657, coor
1141, District56SubDistrict1Facility6, 10768, coor
1140, District56SubDistrict1Facility5, 9234, coor
1139, District56SubDistrict1Facility4, 8330, coor
1138, District56SubDistrict1Facility3, 9861, coor
1137, District56SubDistrict1Facility2, 10041, coor
1136, District56SubDistrict1Facility1, 8055, coor
1032, District49SubDistrict1Facility4, 11958, coor
1033, District49SubDistrict2Facility1, 11678, coor
1034, District49SubDistrict2Facility2, 9279, coor
1035, District49SubDistrict2Facility3, 8778, coor
1036, District49SubDistrict2Facility4, 8318, coor
1037, District49SubDistrict2Facility5, 9915, coor
1038, District49SubDistrict3Facility1, 10713, coor
1039, District49SubDistrict3Facility2, 8346, coor
1024, District48SubDistrict3Facility4, 10973, coor
1025, District48SubDistrict3Facility5, 9029, coor
1026, District48SubDistrict3Facility6, 9933, coor
1027, District48SubDistrict3Facility7, 10492, coor
1028, District48SubDistrict3Facility8, 11820, coor
1029, District49SubDistrict1Facility1, 10512, coor
1030, District49SubDistrict1Facility2, 11702, coor
1031, District49SubDistrict1Facility3, 8324, coor
1049, District45SubDistrict1Facility1, 9855, coor
1048, District49SubDistrict4Facility4, 11811, coor
1051, District45SubDistrict1Facility3, 9484, coor
1050, District45SubDistrict1Facility2, 9309, coor
1053, District45SubDistrict1Facility5, 11067, coor
1052, District45SubDistrict1Facility4, 9846, coor
1055, District45SubDistrict2Facility1, 11960, coor
1054, District45SubDistrict1Facility6, 11471, coor
1041, District49SubDistrict3Facility4, 8467, coor
1040, District49SubDistrict3Facility3, 8133, coor
1043, District49SubDistrict3Facility6, 10448, coor
1042, District49SubDistrict3Facility5, 9196, coor
1045, District49SubDistrict4Facility1, 8406, coor
1044, District49SubDistrict3Facility7, 10328, coor
1047, District49SubDistrict4Facility3, 11409, coor
1046, District49SubDistrict4Facility2, 10344, coor
1066, District46SubDistrict1Facility4, 9383, coor
1067, District46SubDistrict1Facility5, 9588, coor
1064, District46SubDistrict1Facility2, 11690, coor
1065, District46SubDistrict1Facility3, 11920, coor
1070, District46SubDistrict2Facility2, 8209, coor
1071, District46SubDistrict2Facility3, 8916, coor
1068, District46SubDistrict1Facility6, 10661, coor
1069, District46SubDistrict2Facility1, 8760, coor
1058, District45SubDistrict2Facility4, 10707, coor
1059, District45SubDistrict2Facility5, 9219, coor
1056, District45SubDistrict2Facility2, 8283, coor
1057, District45SubDistrict2Facility3, 10479, coor
1062, District45SubDistrict2Facility8, 11141, coor
1063, District46SubDistrict1Facility1, 9627, coor
1060, District45SubDistrict2Facility6, 11194, coor
1061, District45SubDistrict2Facility7, 10899, coor
1083, District46SubDistrict4Facility2, 9398, coor
1082, District46SubDistrict4Facility1, 11760, coor
1081, District46SubDistrict3Facility4, 9424, coor
1080, District46SubDistrict3Facility3, 11254, coor
1087, District46SubDistrict4Facility6, 11019, coor
1086, District46SubDistrict4Facility5, 11751, coor
1085, District46SubDistrict4Facility4, 8617, coor
1084, District46SubDistrict4Facility3, 8594, coor
1075, District46SubDistrict2Facility7, 8845, coor
1074, District46SubDistrict2Facility6, 9164, coor
1073, District46SubDistrict2Facility5, 8709, coor
1072, District46SubDistrict2Facility4, 11114, coor
1079, District46SubDistrict3Facility2, 10236, coor
1078, District46SubDistrict3Facility1, 11041, coor
1077, District46SubDistrict2Facility9, 9321, coor
1076, District46SubDistrict2Facility8, 8098, coor
1221, District59SubDistrict2Facility1, 8966, coor
1220, District52SubDistrict1Facility9, 9028, coor
1223, District59SubDistrict2Facility3, 8875, coor
1222, District59SubDistrict2Facility2, 11155, coor
1217, District52SubDistrict1Facility6, 9080, coor
1216, District52SubDistrict1Facility5, 10715, coor
1219, District52SubDistrict1Facility8, 10607, coor
1218, District52SubDistrict1Facility7, 9232, coor
1229, District59SubDistrict3Facility1, 8862, coor
1228, District59SubDistrict2Facility8, 8651, coor
1231, District59SubDistrict3Facility3, 11601, coor
1230, District59SubDistrict3Facility2, 10340, coor
1225, District59SubDistrict2Facility5, 9349, coor
1224, District59SubDistrict2Facility4, 8461, coor
1227, District59SubDistrict2Facility7, 10355, coor
1226, District59SubDistrict2Facility6, 9559, coor
1236, District58SubDistrict2Facility4, 10275, coor
1237, District58SubDistrict2Facility5, 11362, coor
1238, District59SubDistrict1Facility1, 10269, coor
1239, District59SubDistrict1Facility2, 8844, coor
1232, District59SubDistrict3Facility4, 9611, coor
1233, District58SubDistrict2Facility1, 9339, coor
1234, District58SubDistrict2Facility2, 9511, coor
1235, District58SubDistrict2Facility3, 9639, coor
1244, District59SubDistrict1Facility7, 11770, coor
1245, District59SubDistrict1Facility8, 10271, coor
1246, District59SubDistrict1Facility9, 11241, coor
1247, District60SubDistrict2Facility1, 11655, coor
1240, District59SubDistrict1Facility3, 11083, coor
1241, District59SubDistrict1Facility4, 10277, coor
1242, District59SubDistrict1Facility5, 8713, coor
1243, District59SubDistrict1Facility6, 11294, coor
1255, District60SubDistrict3Facility2, 10399, coor
1254, District60SubDistrict3Facility1, 10957, coor
1253, District60SubDistrict2Facility7, 11092, coor
1252, District60SubDistrict2Facility6, 10322, coor
1251, District60SubDistrict2Facility5, 8027, coor
1250, District60SubDistrict2Facility4, 10752, coor
1249, District60SubDistrict2Facility3, 8841, coor
1248, District60SubDistrict2Facility2, 10672, coor
1263, District59SubDistrict4Facility1, 9096, coor
1262, District60SubDistrict3Facility9, 9567, coor
1261, District60SubDistrict3Facility8, 11376, coor
1260, District60SubDistrict3Facility7, 11581, coor
1259, District60SubDistrict3Facility6, 9353, coor
1258, District60SubDistrict3Facility5, 9008, coor
1257, District60SubDistrict3Facility4, 8528, coor
1256, District60SubDistrict3Facility3, 10783, coor
1270, District60SubDistrict1Facility1, 8415, coor
1271, District60SubDistrict1Facility2, 9068, coor
1268, District59SubDistrict4Facility6, 8354, coor
1269, District59SubDistrict4Facility7, 9777, coor
1266, District59SubDistrict4Facility4, 8399, coor
1267, District59SubDistrict4Facility5, 9348, coor
1264, District59SubDistrict4Facility2, 8268, coor
1265, District59SubDistrict4Facility3, 10458, coor
1278, District56SubDistrict4Facility5, 11083, coor
1279, District57SubDistrict1Facility1, 8742, coor
1276, District56SubDistrict4Facility3, 9043, coor
1277, District56SubDistrict4Facility4, 8152, coor
1274, District56SubDistrict4Facility1, 10177, coor
1275, District56SubDistrict4Facility2, 8697, coor
1272, District60SubDistrict1Facility3, 10603, coor
1273, District60SubDistrict1Facility4, 10071, coor
1153, District55SubDistrict1Facility2, 10747, coor
1152, District55SubDistrict1Facility1, 9941, coor
1155, District55SubDistrict1Facility4, 9367, coor
1154, District55SubDistrict1Facility3, 10786, coor
1157, District54SubDistrict3Facility2, 11075, coor
1156, District54SubDistrict3Facility1, 9488, coor
1159, District54SubDistrict3Facility4, 11035, coor
1158, District54SubDistrict3Facility3, 8332, coor
1161, District51SubDistrict2Facility1, 11904, coor
1160, District54SubDistrict3Facility5, 11144, coor
1163, District51SubDistrict2Facility3, 11586, coor
1162, District51SubDistrict2Facility2, 8020, coor
1165, District51SubDistrict2Facility5, 9429, coor
1164, District51SubDistrict2Facility4, 8720, coor
1167, District51SubDistrict1Facility2, 11390, coor
1166, District51SubDistrict1Facility1, 9417, coor
1168, District51SubDistrict1Facility3, 11070, coor
1169, District51SubDistrict1Facility4, 10836, coor
1170, District51SubDistrict1Facility5, 11105, coor
1171, District51SubDistrict1Facility6, 11882, coor
1172, District51SubDistrict1Facility7, 9427, coor
1173, District51SubDistrict1Facility8, 8726, coor
1174, District51SubDistrict1Facility9, 11962, coor
1175, District50SubDistrict2Facility1, 10267, coor
1176, District50SubDistrict2Facility2, 11159, coor
1177, District50SubDistrict2Facility3, 9186, coor
1178, District50SubDistrict2Facility4, 11294, coor
1179, District50SubDistrict2Facility5, 8592, coor
1180, District50SubDistrict1Facility1, 9884, coor
1181, District50SubDistrict1Facility2, 8482, coor
1182, District50SubDistrict1Facility3, 11005, coor
1183, District50SubDistrict1Facility4, 11361, coor
1187, District50SubDistrict1Facility8, 10208, coor
1186, District50SubDistrict1Facility7, 8077, coor
1185, District50SubDistrict1Facility6, 11492, coor
1184, District50SubDistrict1Facility5, 9616, coor
1191, District53SubDistrict1Facility3, 8943, coor
1190, District53SubDistrict1Facility2, 10434, coor
1189, District53SubDistrict1Facility1, 11775, coor
1188, District50SubDistrict1Facility9, 10511, coor
1195, District53SubDistrict1Facility7, 11239, coor
1194, District53SubDistrict1Facility6, 11415, coor
1193, District53SubDistrict1Facility5, 11889, coor
1192, District53SubDistrict1Facility4, 9357, coor
1199, District52SubDistrict3Facility4, 8230, coor
1198, District52SubDistrict3Facility3, 8367, coor
1197, District52SubDistrict3Facility2, 8303, coor
1196, District52SubDistrict3Facility1, 10272, coor
1202, District52SubDistrict2Facility1, 9421, coor
1203, District52SubDistrict2Facility2, 9954, coor
1200, District52SubDistrict3Facility5, 9372, coor
1201, District52SubDistrict3Facility6, 11076, coor
1206, District52SubDistrict2Facility5, 10300, coor
1207, District52SubDistrict2Facility6, 11011, coor
1204, District52SubDistrict2Facility3, 9638, coor
1205, District52SubDistrict2Facility4, 11846, coor
1210, District52SubDistrict2Facility9, 8355, coor
1211, District52SubDistrict2Facility10, 8300, coor
1208, District52SubDistrict2Facility7, 9453, coor
1209, District52SubDistrict2Facility8, 11336, coor
1214, District52SubDistrict1Facility3, 11846, coor
1215, District52SubDistrict1Facility4, 8126, coor
1212, District52SubDistrict1Facility1, 9448, coor
1213, District52SubDistrict1Facility2, 11612, coor
1307, District58SubDistrict1Facility1, 10877, coor
1306, District57SubDistrict4Facility9, 8748, coor
1305, District57SubDistrict4Facility8, 10340, coor
1304, District57SubDistrict4Facility7, 10084, coor
1311, District58SubDistrict1Facility5, 9247, coor
1310, District58SubDistrict1Facility4, 10868, coor
1309, District58SubDistrict1Facility3, 8990, coor
1308, District58SubDistrict1Facility2, 9342, coor
1299, District57SubDistrict4Facility2, 10272, coor
1298, District57SubDistrict4Facility1, 10491, coor
1297, District56SubDistrict3Facility9, 8261, coor
1296, District56SubDistrict3Facility8, 11587, coor
1303, District57SubDistrict4Facility6, 10223, coor
1302, District57SubDistrict4Facility5, 10114, coor
1301, District57SubDistrict4Facility4, 9473, coor
1300, District57SubDistrict4Facility3, 11249, coor
1290, District56SubDistrict3Facility2, 11828, coor
1291, District56SubDistrict3Facility3, 9275, coor
1288, District56SubDistrict2Facility6, 9736, coor
1289, District56SubDistrict3Facility1, 11820, coor
1294, District56SubDistrict3Facility6, 9865, coor
1295, District56SubDistrict3Facility7, 11815, coor
1292, District56SubDistrict3Facility4, 8630, coor
1293, District56SubDistrict3Facility5, 9840, coor
1282, District57SubDistrict1Facility4, 9811, coor
1283, District56SubDistrict2Facility1, 11802, coor
1280, District57SubDistrict1Facility2, 9324, coor
1281, District57SubDistrict1Facility3, 10938, coor
1286, District56SubDistrict2Facility4, 10258, coor
1287, District56SubDistrict2Facility5, 11420, coor
1284, District56SubDistrict2Facility2, 8916, coor
1285, District56SubDistrict2Facility3, 11060, coor
1329, District57SubDistrict3Facility10, 9897, coor
1328, District57SubDistrict3Facility9, 9123, coor
1331, District60SubDistrict4Facility2, 11792, coor
1330, District60SubDistrict4Facility1, 9859, coor
1333, District60SubDistrict4Facility4, 10568, coor
1332, District60SubDistrict4Facility3, 11170, coor
1320, District57SubDistrict3Facility1, 8327, coor
1321, District57SubDistrict3Facility2, 8785, coor
1322, District57SubDistrict3Facility3, 11927, coor
1323, District57SubDistrict3Facility4, 11416, coor
1324, District57SubDistrict3Facility5, 8140, coor
1325, District57SubDistrict3Facility6, 8790, coor
1326, District57SubDistrict3Facility7, 11558, coor
1327, District57SubDistrict3Facility8, 9053, coor
1312, District57SubDistrict2Facility1, 8661, coor
1313, District57SubDistrict2Facility2, 8774, coor
1314, District57SubDistrict2Facility3, 11461, coor
1315, District57SubDistrict2Facility4, 11612, coor
1316, District57SubDistrict2Facility5, 8600, coor
1317, District57SubDistrict2Facility6, 9464, coor
1318, District57SubDistrict2Facility7, 10676, coor
1319, District57SubDistrict2Facility8, 9760, coor
